ordinal,anonymized_packet_key,instance_id,system_id,family,source_template_id,strict_row_id,review_packet_path,instance_path
1,hs_001,arrays_binary_search_001,code_only_v1,arrays_binary_search,arrays_binary_search_001,arrays_binary_search_001::code_only_v1,benchmark/v0.3/annotation/review_packets/code_only_v1/arrays_binary_search_001/packet.json,benchmark/v0.3/instances/arrays_binary_search_001.json
2,hs_002,arrays_binary_search_001,full_method_v1,arrays_binary_search,arrays_binary_search_001,arrays_binary_search_001::full_method_v1,benchmark/v0.3/annotation/review_packets/full_method_v1/arrays_binary_search_001/packet.json,benchmark/v0.3/instances/arrays_binary_search_001.json
3,hs_003,arrays_binary_search_001,naive_concat_v1,arrays_binary_search,arrays_binary_search_001,arrays_binary_search_001::naive_concat_v1,benchmark/v0.3/annotation/review_packets/naive_concat_v1/arrays_binary_search_001/packet.json,benchmark/v0.3/instances/arrays_binary_search_001.json
4,hs_004,arrays_binary_search_002,code_only_v1,arrays_binary_search,arrays_binary_search_002,arrays_binary_search_002::code_only_v1,benchmark/v0.3/annotation/review_packets/code_only_v1/arrays_binary_search_002/packet.json,benchmark/v0.3/instances/arrays_binary_search_002.json
5,hs_005,arrays_binary_search_002,full_method_v1,arrays_binary_search,arrays_binary_search_002,arrays_binary_search_002::full_method_v1,benchmark/v0.3/annotation/review_packets/full_method_v1/arrays_binary_search_002/packet.json,benchmark/v0.3/instances/arrays_binary_search_002.json
6,hs_006,arrays_binary_search_002,naive_concat_v1,arrays_binary_search,arrays_binary_search_002,arrays_binary_search_002::naive_concat_v1,benchmark/v0.3/annotation/review_packets/naive_concat_v1/arrays_binary_search_002/packet.json,benchmark/v0.3/instances/arrays_binary_search_002.json
7,hs_007,arrays_binary_search_002,text_only_v1,arrays_binary_search,arrays_binary_search_002,arrays_binary_search_002::text_only_v1,benchmark/v0.3/annotation/review_packets/text_only_v1/arrays_binary_search_002/packet.json,benchmark/v0.3/instances/arrays_binary_search_002.json
8,hs_008,arrays_binary_search_003,code_only_v1,arrays_binary_search,arrays_binary_search_003,arrays_binary_search_003::code_only_v1,benchmark/v0.3/annotation/review_packets/code_only_v1/arrays_binary_search_003/packet.json,benchmark/v0.3/instances/arrays_binary_search_003.json
9,hs_009,arrays_binary_search_003,full_method_v1,arrays_binary_search,arrays_binary_search_003,arrays_binary_search_003::full_method_v1,benchmark/v0.3/annotation/review_packets/full_method_v1/arrays_binary_search_003/packet.json,benchmark/v0.3/instances/arrays_binary_search_003.json
10,hs_010,arrays_binary_search_003,naive_concat_v1,arrays_binary_search,arrays_binary_search_003,arrays_binary_search_003::naive_concat_v1,benchmark/v0.3/annotation/review_packets/naive_concat_v1/arrays_binary_search_003/packet.json,benchmark/v0.3/instances/arrays_binary_search_003.json
11,hs_011,arrays_binary_search_003,text_only_v1,arrays_binary_search,arrays_binary_search_003,arrays_binary_search_003::text_only_v1,benchmark/v0.3/annotation/review_packets/text_only_v1/arrays_binary_search_003/packet.json,benchmark/v0.3/instances/arrays_binary_search_003.json
12,hs_012,arrays_binary_search_004,code_only_v1,arrays_binary_search,arrays_binary_search_004,arrays_binary_search_004::code_only_v1,benchmark/v0.3/annotation/review_packets/code_only_v1/arrays_binary_search_004/packet.json,benchmark/v0.3/instances/arrays_binary_search_004.json
13,hs_013,arrays_binary_search_004,full_method_v1,arrays_binary_search,arrays_binary_search_004,arrays_binary_search_004::full_method_v1,benchmark/v0.3/annotation/review_packets/full_method_v1/arrays_binary_search_004/packet.json,benchmark/v0.3/instances/arrays_binary_search_004.json
14,hs_014,arrays_binary_search_004,naive_concat_v1,arrays_binary_search,arrays_binary_search_004,arrays_binary_search_004::naive_concat_v1,benchmark/v0.3/annotation/review_packets/naive_concat_v1/arrays_binary_search_004/packet.json,benchmark/v0.3/instances/arrays_binary_search_004.json
15,hs_015,arrays_binary_search_004,text_only_v1,arrays_binary_search,arrays_binary_search_004,arrays_binary_search_004::text_only_v1,benchmark/v0.3/annotation/review_packets/text_only_v1/arrays_binary_search_004/packet.json,benchmark/v0.3/instances/arrays_binary_search_004.json
16,hs_016,arrays_binary_search_005,full_method_v1,arrays_binary_search,arrays_binary_search_005,arrays_binary_search_005::full_method_v1,benchmark/v0.3/annotation/review_packets/full_method_v1/arrays_binary_search_005/packet.json,benchmark/v0.3/instances/arrays_binary_search_005.json
17,hs_017,arrays_binary_search_005,text_only_v1,arrays_binary_search,arrays_binary_search_005,arrays_binary_search_005::text_only_v1,benchmark/v0.3/annotation/review_packets/text_only_v1/arrays_binary_search_005/packet.json,benchmark/v0.3/instances/arrays_binary_search_005.json
18,hs_018,arrays_binary_search_006,full_method_v1,arrays_binary_search,arrays_binary_search_006,arrays_binary_search_006::full_method_v1,benchmark/v0.3/annotation/review_packets/full_method_v1/arrays_binary_search_006/packet.json,benchmark/v0.3/instances/arrays_binary_search_006.json
19,hs_019,arrays_binary_search_006,naive_concat_v1,arrays_binary_search,arrays_binary_search_006,arrays_binary_search_006::naive_concat_v1,benchmark/v0.3/annotation/review_packets/naive_concat_v1/arrays_binary_search_006/packet.json,benchmark/v0.3/instances/arrays_binary_search_006.json
20,hs_020,arrays_binary_search_006,text_only_v1,arrays_binary_search,arrays_binary_search_006,arrays_binary_search_006::text_only_v1,benchmark/v0.3/annotation/review_packets/text_only_v1/arrays_binary_search_006/packet.json,benchmark/v0.3/instances/arrays_binary_search_006.json
21,hs_021,arrays_binary_search_007,full_method_v1,arrays_binary_search,arrays_binary_search_007,arrays_binary_search_007::full_method_v1,benchmark/v0.3/annotation/review_packets/full_method_v1/arrays_binary_search_007/packet.json,benchmark/v0.3/instances/arrays_binary_search_007.json
22,hs_022,arrays_binary_search_007,text_only_v1,arrays_binary_search,arrays_binary_search_007,arrays_binary_search_007::text_only_v1,benchmark/v0.3/annotation/review_packets/text_only_v1/arrays_binary_search_007/packet.json,benchmark/v0.3/instances/arrays_binary_search_007.json
23,hs_023,arrays_max_subarray_001,code_only_v1,arrays_max_subarray,arrays_max_subarray_001,arrays_max_subarray_001::code_only_v1,benchmark/v0.3/annotation/review_packets/code_only_v1/arrays_max_subarray_001/packet.json,benchmark/v0.3/instances/arrays_max_subarray_001.json
24,hs_024,arrays_max_subarray_001,full_method_v1,arrays_max_subarray,arrays_max_subarray_001,arrays_max_subarray_001::full_method_v1,benchmark/v0.3/annotation/review_packets/full_method_v1/arrays_max_subarray_001/packet.json,benchmark/v0.3/instances/arrays_max_subarray_001.json
25,hs_025,arrays_max_subarray_001,naive_concat_v1,arrays_max_subarray,arrays_max_subarray_001,arrays_max_subarray_001::naive_concat_v1,benchmark/v0.3/annotation/review_packets/naive_concat_v1/arrays_max_subarray_001/packet.json,benchmark/v0.3/instances/arrays_max_subarray_001.json
26,hs_026,arrays_max_subarray_001,text_only_v1,arrays_max_subarray,arrays_max_subarray_001,arrays_max_subarray_001::text_only_v1,benchmark/v0.3/annotation/review_packets/text_only_v1/arrays_max_subarray_001/packet.json,benchmark/v0.3/instances/arrays_max_subarray_001.json
27,hs_027,arrays_max_subarray_002,code_only_v1,arrays_max_subarray,arrays_max_subarray_002,arrays_max_subarray_002::code_only_v1,benchmark/v0.3/annotation/review_packets/code_only_v1/arrays_max_subarray_002/packet.json,benchmark/v0.3/instances/arrays_max_subarray_002.json
28,hs_028,arrays_max_subarray_002,full_method_v1,arrays_max_subarray,arrays_max_subarray_002,arrays_max_subarray_002::full_method_v1,benchmark/v0.3/annotation/review_packets/full_method_v1/arrays_max_subarray_002/packet.json,benchmark/v0.3/instances/arrays_max_subarray_002.json
29,hs_029,arrays_max_subarray_002,naive_concat_v1,arrays_max_subarray,arrays_max_subarray_002,arrays_max_subarray_002::naive_concat_v1,benchmark/v0.3/annotation/review_packets/naive_concat_v1/arrays_max_subarray_002/packet.json,benchmark/v0.3/instances/arrays_max_subarray_002.json
30,hs_030,arrays_max_subarray_002,text_only_v1,arrays_max_subarray,arrays_max_subarray_002,arrays_max_subarray_002::text_only_v1,benchmark/v0.3/annotation/review_packets/text_only_v1/arrays_max_subarray_002/packet.json,benchmark/v0.3/instances/arrays_max_subarray_002.json
31,hs_031,arrays_max_subarray_003,code_only_v1,arrays_max_subarray,arrays_max_subarray_003,arrays_max_subarray_003::code_only_v1,benchmark/v0.3/annotation/review_packets/code_only_v1/arrays_max_subarray_003/packet.json,benchmark/v0.3/instances/arrays_max_subarray_003.json
32,hs_032,arrays_max_subarray_003,full_method_v1,arrays_max_subarray,arrays_max_subarray_003,arrays_max_subarray_003::full_method_v1,benchmark/v0.3/annotation/review_packets/full_method_v1/arrays_max_subarray_003/packet.json,benchmark/v0.3/instances/arrays_max_subarray_003.json
33,hs_033,arrays_max_subarray_003,naive_concat_v1,arrays_max_subarray,arrays_max_subarray_003,arrays_max_subarray_003::naive_concat_v1,benchmark/v0.3/annotation/review_packets/naive_concat_v1/arrays_max_subarray_003/packet.json,benchmark/v0.3/instances/arrays_max_subarray_003.json
34,hs_034,arrays_max_subarray_003,text_only_v1,arrays_max_subarray,arrays_max_subarray_003,arrays_max_subarray_003::text_only_v1,benchmark/v0.3/annotation/review_packets/text_only_v1/arrays_max_subarray_003/packet.json,benchmark/v0.3/instances/arrays_max_subarray_003.json
35,hs_035,arrays_max_subarray_004,full_method_v1,arrays_max_subarray,arrays_max_subarray_004,arrays_max_subarray_004::full_method_v1,benchmark/v0.3/annotation/review_packets/full_method_v1/arrays_max_subarray_004/packet.json,benchmark/v0.3/instances/arrays_max_subarray_004.json
36,hs_036,arrays_max_subarray_004,naive_concat_v1,arrays_max_subarray,arrays_max_subarray_004,arrays_max_subarray_004::naive_concat_v1,benchmark/v0.3/annotation/review_packets/naive_concat_v1/arrays_max_subarray_004/packet.json,benchmark/v0.3/instances/arrays_max_subarray_004.json
37,hs_037,arrays_max_subarray_004,text_only_v1,arrays_max_subarray,arrays_max_subarray_004,arrays_max_subarray_004::text_only_v1,benchmark/v0.3/annotation/review_packets/text_only_v1/arrays_max_subarray_004/packet.json,benchmark/v0.3/instances/arrays_max_subarray_004.json
38,hs_038,arrays_max_subarray_005,full_method_v1,arrays_max_subarray,arrays_max_subarray_005,arrays_max_subarray_005::full_method_v1,benchmark/v0.3/annotation/review_packets/full_method_v1/arrays_max_subarray_005/packet.json,benchmark/v0.3/instances/arrays_max_subarray_005.json
39,hs_039,arrays_max_subarray_005,naive_concat_v1,arrays_max_subarray,arrays_max_subarray_005,arrays_max_subarray_005::naive_concat_v1,benchmark/v0.3/annotation/review_packets/naive_concat_v1/arrays_max_subarray_005/packet.json,benchmark/v0.3/instances/arrays_max_subarray_005.json
40,hs_040,arrays_max_subarray_005,text_only_v1,arrays_max_subarray,arrays_max_subarray_005,arrays_max_subarray_005::text_only_v1,benchmark/v0.3/annotation/review_packets/text_only_v1/arrays_max_subarray_005/packet.json,benchmark/v0.3/instances/arrays_max_subarray_005.json
41,hs_041,arrays_max_subarray_006,full_method_v1,arrays_max_subarray,arrays_max_subarray_006,arrays_max_subarray_006::full_method_v1,benchmark/v0.3/annotation/review_packets/full_method_v1/arrays_max_subarray_006/packet.json,benchmark/v0.3/instances/arrays_max_subarray_006.json
42,hs_042,arrays_max_subarray_006,naive_concat_v1,arrays_max_subarray,arrays_max_subarray_006,arrays_max_subarray_006::naive_concat_v1,benchmark/v0.3/annotation/review_packets/naive_concat_v1/arrays_max_subarray_006/packet.json,benchmark/v0.3/instances/arrays_max_subarray_006.json
43,hs_043,arrays_max_subarray_006,text_only_v1,arrays_max_subarray,arrays_max_subarray_006,arrays_max_subarray_006::text_only_v1,benchmark/v0.3/annotation/review_packets/text_only_v1/arrays_max_subarray_006/packet.json,benchmark/v0.3/instances/arrays_max_subarray_006.json
44,hs_044,arrays_max_subarray_007,naive_concat_v1,arrays_max_subarray,arrays_max_subarray_007,arrays_max_subarray_007::naive_concat_v1,benchmark/v0.3/annotation/review_packets/naive_concat_v1/arrays_max_subarray_007/packet.json,benchmark/v0.3/instances/arrays_max_subarray_007.json
45,hs_045,arrays_max_subarray_007,text_only_v1,arrays_max_subarray,arrays_max_subarray_007,arrays_max_subarray_007::text_only_v1,benchmark/v0.3/annotation/review_packets/text_only_v1/arrays_max_subarray_007/packet.json,benchmark/v0.3/instances/arrays_max_subarray_007.json
46,hs_046,dp_knapsack_01_001,code_only_v1,dp_knapsack_01,dp_knapsack_01_001,dp_knapsack_01_001::code_only_v1,benchmark/v0.3/annotation/review_packets/code_only_v1/dp_knapsack_01_001/packet.json,benchmark/v0.3/instances/dp_knapsack_01_001.json
47,hs_047,dp_knapsack_01_001,full_method_v1,dp_knapsack_01,dp_knapsack_01_001,dp_knapsack_01_001::full_method_v1,benchmark/v0.3/annotation/review_packets/full_method_v1/dp_knapsack_01_001/packet.json,benchmark/v0.3/instances/dp_knapsack_01_001.json
48,hs_048,dp_knapsack_01_001,naive_concat_v1,dp_knapsack_01,dp_knapsack_01_001,dp_knapsack_01_001::naive_concat_v1,benchmark/v0.3/annotation/review_packets/naive_concat_v1/dp_knapsack_01_001/packet.json,benchmark/v0.3/instances/dp_knapsack_01_001.json
49,hs_049,dp_knapsack_01_001,text_only_v1,dp_knapsack_01,dp_knapsack_01_001,dp_knapsack_01_001::text_only_v1,benchmark/v0.3/annotation/review_packets/text_only_v1/dp_knapsack_01_001/packet.json,benchmark/v0.3/instances/dp_knapsack_01_001.json
50,hs_050,dp_knapsack_01_002,code_only_v1,dp_knapsack_01,dp_knapsack_01_002,dp_knapsack_01_002::code_only_v1,benchmark/v0.3/annotation/review_packets/code_only_v1/dp_knapsack_01_002/packet.json,benchmark/v0.3/instances/dp_knapsack_01_002.json
51,hs_051,dp_knapsack_01_002,full_method_v1,dp_knapsack_01,dp_knapsack_01_002,dp_knapsack_01_002::full_method_v1,benchmark/v0.3/annotation/review_packets/full_method_v1/dp_knapsack_01_002/packet.json,benchmark/v0.3/instances/dp_knapsack_01_002.json
52,hs_052,dp_knapsack_01_002,naive_concat_v1,dp_knapsack_01,dp_knapsack_01_002,dp_knapsack_01_002::naive_concat_v1,benchmark/v0.3/annotation/review_packets/naive_concat_v1/dp_knapsack_01_002/packet.json,benchmark/v0.3/instances/dp_knapsack_01_002.json
53,hs_053,dp_knapsack_01_002,text_only_v1,dp_knapsack_01,dp_knapsack_01_002,dp_knapsack_01_002::text_only_v1,benchmark/v0.3/annotation/review_packets/text_only_v1/dp_knapsack_01_002/packet.json,benchmark/v0.3/instances/dp_knapsack_01_002.json
54,hs_054,dp_knapsack_01_003,code_only_v1,dp_knapsack_01,dp_knapsack_01_003,dp_knapsack_01_003::code_only_v1,benchmark/v0.3/annotation/review_packets/code_only_v1/dp_knapsack_01_003/packet.json,benchmark/v0.3/instances/dp_knapsack_01_003.json
55,hs_055,dp_knapsack_01_003,full_method_v1,dp_knapsack_01,dp_knapsack_01_003,dp_knapsack_01_003::full_method_v1,benchmark/v0.3/annotation/review_packets/full_method_v1/dp_knapsack_01_003/packet.json,benchmark/v0.3/instances/dp_knapsack_01_003.json
56,hs_056,dp_knapsack_01_003,naive_concat_v1,dp_knapsack_01,dp_knapsack_01_003,dp_knapsack_01_003::naive_concat_v1,benchmark/v0.3/annotation/review_packets/naive_concat_v1/dp_knapsack_01_003/packet.json,benchmark/v0.3/instances/dp_knapsack_01_003.json
57,hs_057,dp_knapsack_01_003,text_only_v1,dp_knapsack_01,dp_knapsack_01_003,dp_knapsack_01_003::text_only_v1,benchmark/v0.3/annotation/review_packets/text_only_v1/dp_knapsack_01_003/packet.json,benchmark/v0.3/instances/dp_knapsack_01_003.json
58,hs_058,dp_knapsack_01_004,code_only_v1,dp_knapsack_01,dp_knapsack_01_004,dp_knapsack_01_004::code_only_v1,benchmark/v0.3/annotation/review_packets/code_only_v1/dp_knapsack_01_004/packet.json,benchmark/v0.3/instances/dp_knapsack_01_004.json
59,hs_059,dp_knapsack_01_004,full_method_v1,dp_knapsack_01,dp_knapsack_01_004,dp_knapsack_01_004::full_method_v1,benchmark/v0.3/annotation/review_packets/full_method_v1/dp_knapsack_01_004/packet.json,benchmark/v0.3/instances/dp_knapsack_01_004.json
60,hs_060,dp_knapsack_01_004,naive_concat_v1,dp_knapsack_01,dp_knapsack_01_004,dp_knapsack_01_004::naive_concat_v1,benchmark/v0.3/annotation/review_packets/naive_concat_v1/dp_knapsack_01_004/packet.json,benchmark/v0.3/instances/dp_knapsack_01_004.json
61,hs_061,dp_knapsack_01_004,text_only_v1,dp_knapsack_01,dp_knapsack_01_004,dp_knapsack_01_004::text_only_v1,benchmark/v0.3/annotation/review_packets/text_only_v1/dp_knapsack_01_004/packet.json,benchmark/v0.3/instances/dp_knapsack_01_004.json
62,hs_062,dp_knapsack_01_005,code_only_v1,dp_knapsack_01,dp_knapsack_01_005,dp_knapsack_01_005::code_only_v1,benchmark/v0.3/annotation/review_packets/code_only_v1/dp_knapsack_01_005/packet.json,benchmark/v0.3/instances/dp_knapsack_01_005.json
63,hs_063,dp_knapsack_01_005,full_method_v1,dp_knapsack_01,dp_knapsack_01_005,dp_knapsack_01_005::full_method_v1,benchmark/v0.3/annotation/review_packets/full_method_v1/dp_knapsack_01_005/packet.json,benchmark/v0.3/instances/dp_knapsack_01_005.json
64,hs_064,dp_knapsack_01_005,naive_concat_v1,dp_knapsack_01,dp_knapsack_01_005,dp_knapsack_01_005::naive_concat_v1,benchmark/v0.3/annotation/review_packets/naive_concat_v1/dp_knapsack_01_005/packet.json,benchmark/v0.3/instances/dp_knapsack_01_005.json
65,hs_065,dp_knapsack_01_005,text_only_v1,dp_knapsack_01,dp_knapsack_01_005,dp_knapsack_01_005::text_only_v1,benchmark/v0.3/annotation/review_packets/text_only_v1/dp_knapsack_01_005/packet.json,benchmark/v0.3/instances/dp_knapsack_01_005.json
66,hs_066,dp_knapsack_01_006,code_only_v1,dp_knapsack_01,dp_knapsack_01_006,dp_knapsack_01_006::code_only_v1,benchmark/v0.3/annotation/review_packets/code_only_v1/dp_knapsack_01_006/packet.json,benchmark/v0.3/instances/dp_knapsack_01_006.json
67,hs_067,dp_knapsack_01_006,naive_concat_v1,dp_knapsack_01,dp_knapsack_01_006,dp_knapsack_01_006::naive_concat_v1,benchmark/v0.3/annotation/review_packets/naive_concat_v1/dp_knapsack_01_006/packet.json,benchmark/v0.3/instances/dp_knapsack_01_006.json
68,hs_068,dp_knapsack_01_006,text_only_v1,dp_knapsack_01,dp_knapsack_01_006,dp_knapsack_01_006::text_only_v1,benchmark/v0.3/annotation/review_packets/text_only_v1/dp_knapsack_01_006/packet.json,benchmark/v0.3/instances/dp_knapsack_01_006.json
69,hs_069,dp_knapsack_01_007,code_only_v1,dp_knapsack_01,dp_knapsack_01_007,dp_knapsack_01_007::code_only_v1,benchmark/v0.3/annotation/review_packets/code_only_v1/dp_knapsack_01_007/packet.json,benchmark/v0.3/instances/dp_knapsack_01_007.json
70,hs_070,dp_knapsack_01_007,full_method_v1,dp_knapsack_01,dp_knapsack_01_007,dp_knapsack_01_007::full_method_v1,benchmark/v0.3/annotation/review_packets/full_method_v1/dp_knapsack_01_007/packet.json,benchmark/v0.3/instances/dp_knapsack_01_007.json
71,hs_071,dp_knapsack_01_007,naive_concat_v1,dp_knapsack_01,dp_knapsack_01_007,dp_knapsack_01_007::naive_concat_v1,benchmark/v0.3/annotation/review_packets/naive_concat_v1/dp_knapsack_01_007/packet.json,benchmark/v0.3/instances/dp_knapsack_01_007.json
72,hs_072,dp_knapsack_01_007,text_only_v1,dp_knapsack_01,dp_knapsack_01_007,dp_knapsack_01_007::text_only_v1,benchmark/v0.3/annotation/review_packets/text_only_v1/dp_knapsack_01_007/packet.json,benchmark/v0.3/instances/dp_knapsack_01_007.json
73,hs_073,dp_longest_common_subsequence_001,code_only_v1,dp_longest_common_subsequence,dp_longest_common_subsequence_001,dp_longest_common_subsequence_001::code_only_v1,benchmark/v0.3/annotation/review_packets/code_only_v1/dp_longest_common_subsequence_001/packet.json,benchmark/v0.3/instances/dp_longest_common_subsequence_001.json
74,hs_074,dp_longest_common_subsequence_001,full_method_v1,dp_longest_common_subsequence,dp_longest_common_subsequence_001,dp_longest_common_subsequence_001::full_method_v1,benchmark/v0.3/annotation/review_packets/full_method_v1/dp_longest_common_subsequence_001/packet.json,benchmark/v0.3/instances/dp_longest_common_subsequence_001.json
75,hs_075,dp_longest_common_subsequence_001,naive_concat_v1,dp_longest_common_subsequence,dp_longest_common_subsequence_001,dp_longest_common_subsequence_001::naive_concat_v1,benchmark/v0.3/annotation/review_packets/naive_concat_v1/dp_longest_common_subsequence_001/packet.json,benchmark/v0.3/instances/dp_longest_common_subsequence_001.json
76,hs_076,dp_longest_common_subsequence_001,text_only_v1,dp_longest_common_subsequence,dp_longest_common_subsequence_001,dp_longest_common_subsequence_001::text_only_v1,benchmark/v0.3/annotation/review_packets/text_only_v1/dp_longest_common_subsequence_001/packet.json,benchmark/v0.3/instances/dp_longest_common_subsequence_001.json
77,hs_077,dp_longest_common_subsequence_002,code_only_v1,dp_longest_common_subsequence,dp_longest_common_subsequence_002,dp_longest_common_subsequence_002::code_only_v1,benchmark/v0.3/annotation/review_packets/code_only_v1/dp_longest_common_subsequence_002/packet.json,benchmark/v0.3/instances/dp_longest_common_subsequence_002.json
78,hs_078,dp_longest_common_subsequence_002,full_method_v1,dp_longest_common_subsequence,dp_longest_common_subsequence_002,dp_longest_common_subsequence_002::full_method_v1,benchmark/v0.3/annotation/review_packets/full_method_v1/dp_longest_common_subsequence_002/packet.json,benchmark/v0.3/instances/dp_longest_common_subsequence_002.json
79,hs_079,dp_longest_common_subsequence_002,naive_concat_v1,dp_longest_common_subsequence,dp_longest_common_subsequence_002,dp_longest_common_subsequence_002::naive_concat_v1,benchmark/v0.3/annotation/review_packets/naive_concat_v1/dp_longest_common_subsequence_002/packet.json,benchmark/v0.3/instances/dp_longest_common_subsequence_002.json
80,hs_080,dp_longest_common_subsequence_002,text_only_v1,dp_longest_common_subsequence,dp_longest_common_subsequence_002,dp_longest_common_subsequence_002::text_only_v1,benchmark/v0.3/annotation/review_packets/text_only_v1/dp_longest_common_subsequence_002/packet.json,benchmark/v0.3/instances/dp_longest_common_subsequence_002.json
81,hs_081,dp_longest_common_subsequence_003,code_only_v1,dp_longest_common_subsequence,dp_longest_common_subsequence_003,dp_longest_common_subsequence_003::code_only_v1,benchmark/v0.3/annotation/review_packets/code_only_v1/dp_longest_common_subsequence_003/packet.json,benchmark/v0.3/instances/dp_longest_common_subsequence_003.json
82,hs_082,dp_longest_common_subsequence_003,full_method_v1,dp_longest_common_subsequence,dp_longest_common_subsequence_003,dp_longest_common_subsequence_003::full_method_v1,benchmark/v0.3/annotation/review_packets/full_method_v1/dp_longest_common_subsequence_003/packet.json,benchmark/v0.3/instances/dp_longest_common_subsequence_003.json
83,hs_083,dp_longest_common_subsequence_003,naive_concat_v1,dp_longest_common_subsequence,dp_longest_common_subsequence_003,dp_longest_common_subsequence_003::naive_concat_v1,benchmark/v0.3/annotation/review_packets/naive_concat_v1/dp_longest_common_subsequence_003/packet.json,benchmark/v0.3/instances/dp_longest_common_subsequence_003.json
84,hs_084,dp_longest_common_subsequence_003,text_only_v1,dp_longest_common_subsequence,dp_longest_common_subsequence_003,dp_longest_common_subsequence_003::text_only_v1,benchmark/v0.3/annotation/review_packets/text_only_v1/dp_longest_common_subsequence_003/packet.json,benchmark/v0.3/instances/dp_longest_common_subsequence_003.json
85,hs_085,dp_longest_common_subsequence_004,code_only_v1,dp_longest_common_subsequence,dp_longest_common_subsequence_004,dp_longest_common_subsequence_004::code_only_v1,benchmark/v0.3/annotation/review_packets/code_only_v1/dp_longest_common_subsequence_004/packet.json,benchmark/v0.3/instances/dp_longest_common_subsequence_004.json
86,hs_086,dp_longest_common_subsequence_004,full_method_v1,dp_longest_common_subsequence,dp_longest_common_subsequence_004,dp_longest_common_subsequence_004::full_method_v1,benchmark/v0.3/annotation/review_packets/full_method_v1/dp_longest_common_subsequence_004/packet.json,benchmark/v0.3/instances/dp_longest_common_subsequence_004.json
87,hs_087,dp_longest_common_subsequence_004,naive_concat_v1,dp_longest_common_subsequence,dp_longest_common_subsequence_004,dp_longest_common_subsequence_004::naive_concat_v1,benchmark/v0.3/annotation/review_packets/naive_concat_v1/dp_longest_common_subsequence_004/packet.json,benchmark/v0.3/instances/dp_longest_common_subsequence_004.json
88,hs_088,dp_longest_common_subsequence_004,text_only_v1,dp_longest_common_subsequence,dp_longest_common_subsequence_004,dp_longest_common_subsequence_004::text_only_v1,benchmark/v0.3/annotation/review_packets/text_only_v1/dp_longest_common_subsequence_004/packet.json,benchmark/v0.3/instances/dp_longest_common_subsequence_004.json
89,hs_089,dp_longest_common_subsequence_005,naive_concat_v1,dp_longest_common_subsequence,dp_longest_common_subsequence_005,dp_longest_common_subsequence_005::naive_concat_v1,benchmark/v0.3/annotation/review_packets/naive_concat_v1/dp_longest_common_subsequence_005/packet.json,benchmark/v0.3/instances/dp_longest_common_subsequence_005.json
90,hs_090,dp_longest_common_subsequence_005,text_only_v1,dp_longest_common_subsequence,dp_longest_common_subsequence_005,dp_longest_common_subsequence_005::text_only_v1,benchmark/v0.3/annotation/review_packets/text_only_v1/dp_longest_common_subsequence_005/packet.json,benchmark/v0.3/instances/dp_longest_common_subsequence_005.json
91,hs_091,dp_longest_common_subsequence_006,code_only_v1,dp_longest_common_subsequence,dp_longest_common_subsequence_006,dp_longest_common_subsequence_006::code_only_v1,benchmark/v0.3/annotation/review_packets/code_only_v1/dp_longest_common_subsequence_006/packet.json,benchmark/v0.3/instances/dp_longest_common_subsequence_006.json
92,hs_092,dp_longest_common_subsequence_006,naive_concat_v1,dp_longest_common_subsequence,dp_longest_common_subsequence_006,dp_longest_common_subsequence_006::naive_concat_v1,benchmark/v0.3/annotation/review_packets/naive_concat_v1/dp_longest_common_subsequence_006/packet.json,benchmark/v0.3/instances/dp_longest_common_subsequence_006.json
93,hs_093,dp_longest_common_subsequence_006,text_only_v1,dp_longest_common_subsequence,dp_longest_common_subsequence_006,dp_longest_common_subsequence_006::text_only_v1,benchmark/v0.3/annotation/review_packets/text_only_v1/dp_longest_common_subsequence_006/packet.json,benchmark/v0.3/instances/dp_longest_common_subsequence_006.json
94,hs_094,dp_longest_common_subsequence_007,naive_concat_v1,dp_longest_common_subsequence,dp_longest_common_subsequence_007,dp_longest_common_subsequence_007::naive_concat_v1,benchmark/v0.3/annotation/review_packets/naive_concat_v1/dp_longest_common_subsequence_007/packet.json,benchmark/v0.3/instances/dp_longest_common_subsequence_007.json
95,hs_095,dp_longest_common_subsequence_007,text_only_v1,dp_longest_common_subsequence,dp_longest_common_subsequence_007,dp_longest_common_subsequence_007::text_only_v1,benchmark/v0.3/annotation/review_packets/text_only_v1/dp_longest_common_subsequence_007/packet.json,benchmark/v0.3/instances/dp_longest_common_subsequence_007.json
96,hs_096,graph_bfs_shortest_path_001,code_only_v1,graph_bfs_shortest_path,graph_bfs_shortest_path_001,graph_bfs_shortest_path_001::code_only_v1,benchmark/v0.3/annotation/review_packets/code_only_v1/graph_bfs_shortest_path_001/packet.json,benchmark/v0.3/instances/graph_bfs_shortest_path_001.json
97,hs_097,graph_bfs_shortest_path_001,full_method_v1,graph_bfs_shortest_path,graph_bfs_shortest_path_001,graph_bfs_shortest_path_001::full_method_v1,benchmark/v0.3/annotation/review_packets/full_method_v1/graph_bfs_shortest_path_001/packet.json,benchmark/v0.3/instances/graph_bfs_shortest_path_001.json
98,hs_098,graph_bfs_shortest_path_001,naive_concat_v1,graph_bfs_shortest_path,graph_bfs_shortest_path_001,graph_bfs_shortest_path_001::naive_concat_v1,benchmark/v0.3/annotation/review_packets/naive_concat_v1/graph_bfs_shortest_path_001/packet.json,benchmark/v0.3/instances/graph_bfs_shortest_path_001.json
99,hs_099,graph_bfs_shortest_path_001,text_only_v1,graph_bfs_shortest_path,graph_bfs_shortest_path_001,graph_bfs_shortest_path_001::text_only_v1,benchmark/v0.3/annotation/review_packets/text_only_v1/graph_bfs_shortest_path_001/packet.json,benchmark/v0.3/instances/graph_bfs_shortest_path_001.json
100,hs_100,graph_bfs_shortest_path_002,code_only_v1,graph_bfs_shortest_path,graph_bfs_shortest_path_002,graph_bfs_shortest_path_002::code_only_v1,benchmark/v0.3/annotation/review_packets/code_only_v1/graph_bfs_shortest_path_002/packet.json,benchmark/v0.3/instances/graph_bfs_shortest_path_002.json
101,hs_101,graph_bfs_shortest_path_002,full_method_v1,graph_bfs_shortest_path,graph_bfs_shortest_path_002,graph_bfs_shortest_path_002::full_method_v1,benchmark/v0.3/annotation/review_packets/full_method_v1/graph_bfs_shortest_path_002/packet.json,benchmark/v0.3/instances/graph_bfs_shortest_path_002.json
102,hs_102,graph_bfs_shortest_path_002,naive_concat_v1,graph_bfs_shortest_path,graph_bfs_shortest_path_002,graph_bfs_shortest_path_002::naive_concat_v1,benchmark/v0.3/annotation/review_packets/naive_concat_v1/graph_bfs_shortest_path_002/packet.json,benchmark/v0.3/instances/graph_bfs_shortest_path_002.json
103,hs_103,graph_bfs_shortest_path_002,text_only_v1,graph_bfs_shortest_path,graph_bfs_shortest_path_002,graph_bfs_shortest_path_002::text_only_v1,benchmark/v0.3/annotation/review_packets/text_only_v1/graph_bfs_shortest_path_002/packet.json,benchmark/v0.3/instances/graph_bfs_shortest_path_002.json
104,hs_104,graph_bfs_shortest_path_003,code_only_v1,graph_bfs_shortest_path,graph_bfs_shortest_path_003,graph_bfs_shortest_path_003::code_only_v1,benchmark/v0.3/annotation/review_packets/code_only_v1/graph_bfs_shortest_path_003/packet.json,benchmark/v0.3/instances/graph_bfs_shortest_path_003.json
105,hs_105,graph_bfs_shortest_path_003,full_method_v1,graph_bfs_shortest_path,graph_bfs_shortest_path_003,graph_bfs_shortest_path_003::full_method_v1,benchmark/v0.3/annotation/review_packets/full_method_v1/graph_bfs_shortest_path_003/packet.json,benchmark/v0.3/instances/graph_bfs_shortest_path_003.json
106,hs_106,graph_bfs_shortest_path_003,naive_concat_v1,graph_bfs_shortest_path,graph_bfs_shortest_path_003,graph_bfs_shortest_path_003::naive_concat_v1,benchmark/v0.3/annotation/review_packets/naive_concat_v1/graph_bfs_shortest_path_003/packet.json,benchmark/v0.3/instances/graph_bfs_shortest_path_003.json
107,hs_107,graph_bfs_shortest_path_003,text_only_v1,graph_bfs_shortest_path,graph_bfs_shortest_path_003,graph_bfs_shortest_path_003::text_only_v1,benchmark/v0.3/annotation/review_packets/text_only_v1/graph_bfs_shortest_path_003/packet.json,benchmark/v0.3/instances/graph_bfs_shortest_path_003.json
108,hs_108,graph_bfs_shortest_path_004,code_only_v1,graph_bfs_shortest_path,graph_bfs_shortest_path_004,graph_bfs_shortest_path_004::code_only_v1,benchmark/v0.3/annotation/review_packets/code_only_v1/graph_bfs_shortest_path_004/packet.json,benchmark/v0.3/instances/graph_bfs_shortest_path_004.json
109,hs_109,graph_bfs_shortest_path_004,full_method_v1,graph_bfs_shortest_path,graph_bfs_shortest_path_004,graph_bfs_shortest_path_004::full_method_v1,benchmark/v0.3/annotation/review_packets/full_method_v1/graph_bfs_shortest_path_004/packet.json,benchmark/v0.3/instances/graph_bfs_shortest_path_004.json
110,hs_110,graph_bfs_shortest_path_004,naive_concat_v1,graph_bfs_shortest_path,graph_bfs_shortest_path_004,graph_bfs_shortest_path_004::naive_concat_v1,benchmark/v0.3/annotation/review_packets/naive_concat_v1/graph_bfs_shortest_path_004/packet.json,benchmark/v0.3/instances/graph_bfs_shortest_path_004.json
111,hs_111,graph_bfs_shortest_path_004,text_only_v1,graph_bfs_shortest_path,graph_bfs_shortest_path_004,graph_bfs_shortest_path_004::text_only_v1,benchmark/v0.3/annotation/review_packets/text_only_v1/graph_bfs_shortest_path_004/packet.json,benchmark/v0.3/instances/graph_bfs_shortest_path_004.json
112,hs_112,graph_bfs_shortest_path_005,code_only_v1,graph_bfs_shortest_path,graph_bfs_shortest_path_005,graph_bfs_shortest_path_005::code_only_v1,benchmark/v0.3/annotation/review_packets/code_only_v1/graph_bfs_shortest_path_005/packet.json,benchmark/v0.3/instances/graph_bfs_shortest_path_005.json
113,hs_113,graph_bfs_shortest_path_005,full_method_v1,graph_bfs_shortest_path,graph_bfs_shortest_path_005,graph_bfs_shortest_path_005::full_method_v1,benchmark/v0.3/annotation/review_packets/full_method_v1/graph_bfs_shortest_path_005/packet.json,benchmark/v0.3/instances/graph_bfs_shortest_path_005.json
114,hs_114,graph_bfs_shortest_path_005,naive_concat_v1,graph_bfs_shortest_path,graph_bfs_shortest_path_005,graph_bfs_shortest_path_005::naive_concat_v1,benchmark/v0.3/annotation/review_packets/naive_concat_v1/graph_bfs_shortest_path_005/packet.json,benchmark/v0.3/instances/graph_bfs_shortest_path_005.json
115,hs_115,graph_bfs_shortest_path_005,text_only_v1,graph_bfs_shortest_path,graph_bfs_shortest_path_005,graph_bfs_shortest_path_005::text_only_v1,benchmark/v0.3/annotation/review_packets/text_only_v1/graph_bfs_shortest_path_005/packet.json,benchmark/v0.3/instances/graph_bfs_shortest_path_005.json
116,hs_116,graph_bfs_shortest_path_006,text_only_v1,graph_bfs_shortest_path,graph_bfs_shortest_path_006,graph_bfs_shortest_path_006::text_only_v1,benchmark/v0.3/annotation/review_packets/text_only_v1/graph_bfs_shortest_path_006/packet.json,benchmark/v0.3/instances/graph_bfs_shortest_path_006.json
117,hs_117,graph_bfs_shortest_path_007,naive_concat_v1,graph_bfs_shortest_path,graph_bfs_shortest_path_007,graph_bfs_shortest_path_007::naive_concat_v1,benchmark/v0.3/annotation/review_packets/naive_concat_v1/graph_bfs_shortest_path_007/packet.json,benchmark/v0.3/instances/graph_bfs_shortest_path_007.json
118,hs_118,graph_bfs_shortest_path_007,text_only_v1,graph_bfs_shortest_path,graph_bfs_shortest_path_007,graph_bfs_shortest_path_007::text_only_v1,benchmark/v0.3/annotation/review_packets/text_only_v1/graph_bfs_shortest_path_007/packet.json,benchmark/v0.3/instances/graph_bfs_shortest_path_007.json
119,hs_119,graph_dijkstra_001,code_only_v1,graph_dijkstra,graph_dijkstra_001,graph_dijkstra_001::code_only_v1,benchmark/v0.3/annotation/review_packets/code_only_v1/graph_dijkstra_001/packet.json,benchmark/v0.3/instances/graph_dijkstra_001.json
120,hs_120,graph_dijkstra_001,full_method_v1,graph_dijkstra,graph_dijkstra_001,graph_dijkstra_001::full_method_v1,benchmark/v0.3/annotation/review_packets/full_method_v1/graph_dijkstra_001/packet.json,benchmark/v0.3/instances/graph_dijkstra_001.json
121,hs_121,graph_dijkstra_001,naive_concat_v1,graph_dijkstra,graph_dijkstra_001,graph_dijkstra_001::naive_concat_v1,benchmark/v0.3/annotation/review_packets/naive_concat_v1/graph_dijkstra_001/packet.json,benchmark/v0.3/instances/graph_dijkstra_001.json
122,hs_122,graph_dijkstra_001,text_only_v1,graph_dijkstra,graph_dijkstra_001,graph_dijkstra_001::text_only_v1,benchmark/v0.3/annotation/review_packets/text_only_v1/graph_dijkstra_001/packet.json,benchmark/v0.3/instances/graph_dijkstra_001.json
123,hs_123,graph_dijkstra_002,code_only_v1,graph_dijkstra,graph_dijkstra_002,graph_dijkstra_002::code_only_v1,benchmark/v0.3/annotation/review_packets/code_only_v1/graph_dijkstra_002/packet.json,benchmark/v0.3/instances/graph_dijkstra_002.json
124,hs_124,graph_dijkstra_002,full_method_v1,graph_dijkstra,graph_dijkstra_002,graph_dijkstra_002::full_method_v1,benchmark/v0.3/annotation/review_packets/full_method_v1/graph_dijkstra_002/packet.json,benchmark/v0.3/instances/graph_dijkstra_002.json
125,hs_125,graph_dijkstra_002,naive_concat_v1,graph_dijkstra,graph_dijkstra_002,graph_dijkstra_002::naive_concat_v1,benchmark/v0.3/annotation/review_packets/naive_concat_v1/graph_dijkstra_002/packet.json,benchmark/v0.3/instances/graph_dijkstra_002.json
126,hs_126,graph_dijkstra_002,text_only_v1,graph_dijkstra,graph_dijkstra_002,graph_dijkstra_002::text_only_v1,benchmark/v0.3/annotation/review_packets/text_only_v1/graph_dijkstra_002/packet.json,benchmark/v0.3/instances/graph_dijkstra_002.json
127,hs_127,graph_dijkstra_003,code_only_v1,graph_dijkstra,graph_dijkstra_003,graph_dijkstra_003::code_only_v1,benchmark/v0.3/annotation/review_packets/code_only_v1/graph_dijkstra_003/packet.json,benchmark/v0.3/instances/graph_dijkstra_003.json
128,hs_128,graph_dijkstra_003,full_method_v1,graph_dijkstra,graph_dijkstra_003,graph_dijkstra_003::full_method_v1,benchmark/v0.3/annotation/review_packets/full_method_v1/graph_dijkstra_003/packet.json,benchmark/v0.3/instances/graph_dijkstra_003.json
129,hs_129,graph_dijkstra_003,naive_concat_v1,graph_dijkstra,graph_dijkstra_003,graph_dijkstra_003::naive_concat_v1,benchmark/v0.3/annotation/review_packets/naive_concat_v1/graph_dijkstra_003/packet.json,benchmark/v0.3/instances/graph_dijkstra_003.json
130,hs_130,graph_dijkstra_003,text_only_v1,graph_dijkstra,graph_dijkstra_003,graph_dijkstra_003::text_only_v1,benchmark/v0.3/annotation/review_packets/text_only_v1/graph_dijkstra_003/packet.json,benchmark/v0.3/instances/graph_dijkstra_003.json
131,hs_131,graph_dijkstra_004,code_only_v1,graph_dijkstra,graph_dijkstra_004,graph_dijkstra_004::code_only_v1,benchmark/v0.3/annotation/review_packets/code_only_v1/graph_dijkstra_004/packet.json,benchmark/v0.3/instances/graph_dijkstra_004.json
132,hs_132,graph_dijkstra_004,full_method_v1,graph_dijkstra,graph_dijkstra_004,graph_dijkstra_004::full_method_v1,benchmark/v0.3/annotation/review_packets/full_method_v1/graph_dijkstra_004/packet.json,benchmark/v0.3/instances/graph_dijkstra_004.json
133,hs_133,graph_dijkstra_004,naive_concat_v1,graph_dijkstra,graph_dijkstra_004,graph_dijkstra_004::naive_concat_v1,benchmark/v0.3/annotation/review_packets/naive_concat_v1/graph_dijkstra_004/packet.json,benchmark/v0.3/instances/graph_dijkstra_004.json
134,hs_134,graph_dijkstra_004,text_only_v1,graph_dijkstra,graph_dijkstra_004,graph_dijkstra_004::text_only_v1,benchmark/v0.3/annotation/review_packets/text_only_v1/graph_dijkstra_004/packet.json,benchmark/v0.3/instances/graph_dijkstra_004.json
135,hs_135,graph_dijkstra_005,code_only_v1,graph_dijkstra,graph_dijkstra_005,graph_dijkstra_005::code_only_v1,benchmark/v0.3/annotation/review_packets/code_only_v1/graph_dijkstra_005/packet.json,benchmark/v0.3/instances/graph_dijkstra_005.json
136,hs_136,graph_dijkstra_005,full_method_v1,graph_dijkstra,graph_dijkstra_005,graph_dijkstra_005::full_method_v1,benchmark/v0.3/annotation/review_packets/full_method_v1/graph_dijkstra_005/packet.json,benchmark/v0.3/instances/graph_dijkstra_005.json
137,hs_137,graph_dijkstra_005,naive_concat_v1,graph_dijkstra,graph_dijkstra_005,graph_dijkstra_005::naive_concat_v1,benchmark/v0.3/annotation/review_packets/naive_concat_v1/graph_dijkstra_005/packet.json,benchmark/v0.3/instances/graph_dijkstra_005.json
138,hs_138,graph_dijkstra_005,text_only_v1,graph_dijkstra,graph_dijkstra_005,graph_dijkstra_005::text_only_v1,benchmark/v0.3/annotation/review_packets/text_only_v1/graph_dijkstra_005/packet.json,benchmark/v0.3/instances/graph_dijkstra_005.json
139,hs_139,graph_dijkstra_006,code_only_v1,graph_dijkstra,graph_dijkstra_006,graph_dijkstra_006::code_only_v1,benchmark/v0.3/annotation/review_packets/code_only_v1/graph_dijkstra_006/packet.json,benchmark/v0.3/instances/graph_dijkstra_006.json
140,hs_140,graph_dijkstra_006,text_only_v1,graph_dijkstra,graph_dijkstra_006,graph_dijkstra_006::text_only_v1,benchmark/v0.3/annotation/review_packets/text_only_v1/graph_dijkstra_006/packet.json,benchmark/v0.3/instances/graph_dijkstra_006.json
141,hs_141,graph_dijkstra_007,code_only_v1,graph_dijkstra,graph_dijkstra_007,graph_dijkstra_007::code_only_v1,benchmark/v0.3/annotation/review_packets/code_only_v1/graph_dijkstra_007/packet.json,benchmark/v0.3/instances/graph_dijkstra_007.json
142,hs_142,greedy_coin_change_canonical_001,code_only_v1,greedy_coin_change_canonical,greedy_coin_change_canonical_001,greedy_coin_change_canonical_001::code_only_v1,benchmark/v0.3/annotation/review_packets/code_only_v1/greedy_coin_change_canonical_001/packet.json,benchmark/v0.3/instances/greedy_coin_change_canonical_001.json
143,hs_143,greedy_coin_change_canonical_001,full_method_v1,greedy_coin_change_canonical,greedy_coin_change_canonical_001,greedy_coin_change_canonical_001::full_method_v1,benchmark/v0.3/annotation/review_packets/full_method_v1/greedy_coin_change_canonical_001/packet.json,benchmark/v0.3/instances/greedy_coin_change_canonical_001.json
144,hs_144,greedy_coin_change_canonical_001,naive_concat_v1,greedy_coin_change_canonical,greedy_coin_change_canonical_001,greedy_coin_change_canonical_001::naive_concat_v1,benchmark/v0.3/annotation/review_packets/naive_concat_v1/greedy_coin_change_canonical_001/packet.json,benchmark/v0.3/instances/greedy_coin_change_canonical_001.json
145,hs_145,greedy_coin_change_canonical_001,text_only_v1,greedy_coin_change_canonical,greedy_coin_change_canonical_001,greedy_coin_change_canonical_001::text_only_v1,benchmark/v0.3/annotation/review_packets/text_only_v1/greedy_coin_change_canonical_001/packet.json,benchmark/v0.3/instances/greedy_coin_change_canonical_001.json
146,hs_146,greedy_coin_change_canonical_002,code_only_v1,greedy_coin_change_canonical,greedy_coin_change_canonical_002,greedy_coin_change_canonical_002::code_only_v1,benchmark/v0.3/annotation/review_packets/code_only_v1/greedy_coin_change_canonical_002/packet.json,benchmark/v0.3/instances/greedy_coin_change_canonical_002.json
147,hs_147,greedy_coin_change_canonical_002,full_method_v1,greedy_coin_change_canonical,greedy_coin_change_canonical_002,greedy_coin_change_canonical_002::full_method_v1,benchmark/v0.3/annotation/review_packets/full_method_v1/greedy_coin_change_canonical_002/packet.json,benchmark/v0.3/instances/greedy_coin_change_canonical_002.json
148,hs_148,greedy_coin_change_canonical_002,naive_concat_v1,greedy_coin_change_canonical,greedy_coin_change_canonical_002,greedy_coin_change_canonical_002::naive_concat_v1,benchmark/v0.3/annotation/review_packets/naive_concat_v1/greedy_coin_change_canonical_002/packet.json,benchmark/v0.3/instances/greedy_coin_change_canonical_002.json
149,hs_149,greedy_coin_change_canonical_002,text_only_v1,greedy_coin_change_canonical,greedy_coin_change_canonical_002,greedy_coin_change_canonical_002::text_only_v1,benchmark/v0.3/annotation/review_packets/text_only_v1/greedy_coin_change_canonical_002/packet.json,benchmark/v0.3/instances/greedy_coin_change_canonical_002.json
150,hs_150,greedy_coin_change_canonical_003,code_only_v1,greedy_coin_change_canonical,greedy_coin_change_canonical_003,greedy_coin_change_canonical_003::code_only_v1,benchmark/v0.3/annotation/review_packets/code_only_v1/greedy_coin_change_canonical_003/packet.json,benchmark/v0.3/instances/greedy_coin_change_canonical_003.json
151,hs_151,greedy_coin_change_canonical_003,full_method_v1,greedy_coin_change_canonical,greedy_coin_change_canonical_003,greedy_coin_change_canonical_003::full_method_v1,benchmark/v0.3/annotation/review_packets/full_method_v1/greedy_coin_change_canonical_003/packet.json,benchmark/v0.3/instances/greedy_coin_change_canonical_003.json
152,hs_152,greedy_coin_change_canonical_003,naive_concat_v1,greedy_coin_change_canonical,greedy_coin_change_canonical_003,greedy_coin_change_canonical_003::naive_concat_v1,benchmark/v0.3/annotation/review_packets/naive_concat_v1/greedy_coin_change_canonical_003/packet.json,benchmark/v0.3/instances/greedy_coin_change_canonical_003.json
153,hs_153,greedy_coin_change_canonical_003,text_only_v1,greedy_coin_change_canonical,greedy_coin_change_canonical_003,greedy_coin_change_canonical_003::text_only_v1,benchmark/v0.3/annotation/review_packets/text_only_v1/greedy_coin_change_canonical_003/packet.json,benchmark/v0.3/instances/greedy_coin_change_canonical_003.json
154,hs_154,greedy_coin_change_canonical_004,code_only_v1,greedy_coin_change_canonical,greedy_coin_change_canonical_004,greedy_coin_change_canonical_004::code_only_v1,benchmark/v0.3/annotation/review_packets/code_only_v1/greedy_coin_change_canonical_004/packet.json,benchmark/v0.3/instances/greedy_coin_change_canonical_004.json
155,hs_155,greedy_coin_change_canonical_004,naive_concat_v1,greedy_coin_change_canonical,greedy_coin_change_canonical_004,greedy_coin_change_canonical_004::naive_concat_v1,benchmark/v0.3/annotation/review_packets/naive_concat_v1/greedy_coin_change_canonical_004/packet.json,benchmark/v0.3/instances/greedy_coin_change_canonical_004.json
156,hs_156,greedy_coin_change_canonical_004,text_only_v1,greedy_coin_change_canonical,greedy_coin_change_canonical_004,greedy_coin_change_canonical_004::text_only_v1,benchmark/v0.3/annotation/review_packets/text_only_v1/greedy_coin_change_canonical_004/packet.json,benchmark/v0.3/instances/greedy_coin_change_canonical_004.json
157,hs_157,greedy_coin_change_canonical_005,code_only_v1,greedy_coin_change_canonical,greedy_coin_change_canonical_005,greedy_coin_change_canonical_005::code_only_v1,benchmark/v0.3/annotation/review_packets/code_only_v1/greedy_coin_change_canonical_005/packet.json,benchmark/v0.3/instances/greedy_coin_change_canonical_005.json
158,hs_158,greedy_coin_change_canonical_005,full_method_v1,greedy_coin_change_canonical,greedy_coin_change_canonical_005,greedy_coin_change_canonical_005::full_method_v1,benchmark/v0.3/annotation/review_packets/full_method_v1/greedy_coin_change_canonical_005/packet.json,benchmark/v0.3/instances/greedy_coin_change_canonical_005.json
159,hs_159,greedy_coin_change_canonical_005,naive_concat_v1,greedy_coin_change_canonical,greedy_coin_change_canonical_005,greedy_coin_change_canonical_005::naive_concat_v1,benchmark/v0.3/annotation/review_packets/naive_concat_v1/greedy_coin_change_canonical_005/packet.json,benchmark/v0.3/instances/greedy_coin_change_canonical_005.json
160,hs_160,greedy_coin_change_canonical_005,text_only_v1,greedy_coin_change_canonical,greedy_coin_change_canonical_005,greedy_coin_change_canonical_005::text_only_v1,benchmark/v0.3/annotation/review_packets/text_only_v1/greedy_coin_change_canonical_005/packet.json,benchmark/v0.3/instances/greedy_coin_change_canonical_005.json
161,hs_161,greedy_coin_change_canonical_006,naive_concat_v1,greedy_coin_change_canonical,greedy_coin_change_canonical_006,greedy_coin_change_canonical_006::naive_concat_v1,benchmark/v0.3/annotation/review_packets/naive_concat_v1/greedy_coin_change_canonical_006/packet.json,benchmark/v0.3/instances/greedy_coin_change_canonical_006.json
162,hs_162,greedy_coin_change_canonical_006,text_only_v1,greedy_coin_change_canonical,greedy_coin_change_canonical_006,greedy_coin_change_canonical_006::text_only_v1,benchmark/v0.3/annotation/review_packets/text_only_v1/greedy_coin_change_canonical_006/packet.json,benchmark/v0.3/instances/greedy_coin_change_canonical_006.json
163,hs_163,greedy_coin_change_canonical_007,naive_concat_v1,greedy_coin_change_canonical,greedy_coin_change_canonical_007,greedy_coin_change_canonical_007::naive_concat_v1,benchmark/v0.3/annotation/review_packets/naive_concat_v1/greedy_coin_change_canonical_007/packet.json,benchmark/v0.3/instances/greedy_coin_change_canonical_007.json
164,hs_164,greedy_coin_change_canonical_007,text_only_v1,greedy_coin_change_canonical,greedy_coin_change_canonical_007,greedy_coin_change_canonical_007::text_only_v1,benchmark/v0.3/annotation/review_packets/text_only_v1/greedy_coin_change_canonical_007/packet.json,benchmark/v0.3/instances/greedy_coin_change_canonical_007.json
165,hs_165,greedy_interval_scheduling_001,code_only_v1,greedy_interval_scheduling,greedy_interval_scheduling_001,greedy_interval_scheduling_001::code_only_v1,benchmark/v0.3/annotation/review_packets/code_only_v1/greedy_interval_scheduling_001/packet.json,benchmark/v0.3/instances/greedy_interval_scheduling_001.json
166,hs_166,greedy_interval_scheduling_001,full_method_v1,greedy_interval_scheduling,greedy_interval_scheduling_001,greedy_interval_scheduling_001::full_method_v1,benchmark/v0.3/annotation/review_packets/full_method_v1/greedy_interval_scheduling_001/packet.json,benchmark/v0.3/instances/greedy_interval_scheduling_001.json
167,hs_167,greedy_interval_scheduling_001,naive_concat_v1,greedy_interval_scheduling,greedy_interval_scheduling_001,greedy_interval_scheduling_001::naive_concat_v1,benchmark/v0.3/annotation/review_packets/naive_concat_v1/greedy_interval_scheduling_001/packet.json,benchmark/v0.3/instances/greedy_interval_scheduling_001.json
168,hs_168,greedy_interval_scheduling_001,text_only_v1,greedy_interval_scheduling,greedy_interval_scheduling_001,greedy_interval_scheduling_001::text_only_v1,benchmark/v0.3/annotation/review_packets/text_only_v1/greedy_interval_scheduling_001/packet.json,benchmark/v0.3/instances/greedy_interval_scheduling_001.json
169,hs_169,greedy_interval_scheduling_002,code_only_v1,greedy_interval_scheduling,greedy_interval_scheduling_002,greedy_interval_scheduling_002::code_only_v1,benchmark/v0.3/annotation/review_packets/code_only_v1/greedy_interval_scheduling_002/packet.json,benchmark/v0.3/instances/greedy_interval_scheduling_002.json
170,hs_170,greedy_interval_scheduling_002,full_method_v1,greedy_interval_scheduling,greedy_interval_scheduling_002,greedy_interval_scheduling_002::full_method_v1,benchmark/v0.3/annotation/review_packets/full_method_v1/greedy_interval_scheduling_002/packet.json,benchmark/v0.3/instances/greedy_interval_scheduling_002.json
171,hs_171,greedy_interval_scheduling_002,naive_concat_v1,greedy_interval_scheduling,greedy_interval_scheduling_002,greedy_interval_scheduling_002::naive_concat_v1,benchmark/v0.3/annotation/review_packets/naive_concat_v1/greedy_interval_scheduling_002/packet.json,benchmark/v0.3/instances/greedy_interval_scheduling_002.json
172,hs_172,greedy_interval_scheduling_002,text_only_v1,greedy_interval_scheduling,greedy_interval_scheduling_002,greedy_interval_scheduling_002::text_only_v1,benchmark/v0.3/annotation/review_packets/text_only_v1/greedy_interval_scheduling_002/packet.json,benchmark/v0.3/instances/greedy_interval_scheduling_002.json
173,hs_173,greedy_interval_scheduling_003,code_only_v1,greedy_interval_scheduling,greedy_interval_scheduling_003,greedy_interval_scheduling_003::code_only_v1,benchmark/v0.3/annotation/review_packets/code_only_v1/greedy_interval_scheduling_003/packet.json,benchmark/v0.3/instances/greedy_interval_scheduling_003.json
174,hs_174,greedy_interval_scheduling_003,full_method_v1,greedy_interval_scheduling,greedy_interval_scheduling_003,greedy_interval_scheduling_003::full_method_v1,benchmark/v0.3/annotation/review_packets/full_method_v1/greedy_interval_scheduling_003/packet.json,benchmark/v0.3/instances/greedy_interval_scheduling_003.json
175,hs_175,greedy_interval_scheduling_003,naive_concat_v1,greedy_interval_scheduling,greedy_interval_scheduling_003,greedy_interval_scheduling_003::naive_concat_v1,benchmark/v0.3/annotation/review_packets/naive_concat_v1/greedy_interval_scheduling_003/packet.json,benchmark/v0.3/instances/greedy_interval_scheduling_003.json
176,hs_176,greedy_interval_scheduling_003,text_only_v1,greedy_interval_scheduling,greedy_interval_scheduling_003,greedy_interval_scheduling_003::text_only_v1,benchmark/v0.3/annotation/review_packets/text_only_v1/greedy_interval_scheduling_003/packet.json,benchmark/v0.3/instances/greedy_interval_scheduling_003.json
177,hs_177,greedy_interval_scheduling_004,code_only_v1,greedy_interval_scheduling,greedy_interval_scheduling_004,greedy_interval_scheduling_004::code_only_v1,benchmark/v0.3/annotation/review_packets/code_only_v1/greedy_interval_scheduling_004/packet.json,benchmark/v0.3/instances/greedy_interval_scheduling_004.json
178,hs_178,greedy_interval_scheduling_004,text_only_v1,greedy_interval_scheduling,greedy_interval_scheduling_004,greedy_interval_scheduling_004::text_only_v1,benchmark/v0.3/annotation/review_packets/text_only_v1/greedy_interval_scheduling_004/packet.json,benchmark/v0.3/instances/greedy_interval_scheduling_004.json
179,hs_179,greedy_interval_scheduling_005,code_only_v1,greedy_interval_scheduling,greedy_interval_scheduling_005,greedy_interval_scheduling_005::code_only_v1,benchmark/v0.3/annotation/review_packets/code_only_v1/greedy_interval_scheduling_005/packet.json,benchmark/v0.3/instances/greedy_interval_scheduling_005.json
180,hs_180,greedy_interval_scheduling_005,full_method_v1,greedy_interval_scheduling,greedy_interval_scheduling_005,greedy_interval_scheduling_005::full_method_v1,benchmark/v0.3/annotation/review_packets/full_method_v1/greedy_interval_scheduling_005/packet.json,benchmark/v0.3/instances/greedy_interval_scheduling_005.json
181,hs_181,greedy_interval_scheduling_005,naive_concat_v1,greedy_interval_scheduling,greedy_interval_scheduling_005,greedy_interval_scheduling_005::naive_concat_v1,benchmark/v0.3/annotation/review_packets/naive_concat_v1/greedy_interval_scheduling_005/packet.json,benchmark/v0.3/instances/greedy_interval_scheduling_005.json
182,hs_182,greedy_interval_scheduling_005,text_only_v1,greedy_interval_scheduling,greedy_interval_scheduling_005,greedy_interval_scheduling_005::text_only_v1,benchmark/v0.3/annotation/review_packets/text_only_v1/greedy_interval_scheduling_005/packet.json,benchmark/v0.3/instances/greedy_interval_scheduling_005.json
183,hs_183,greedy_interval_scheduling_006,code_only_v1,greedy_interval_scheduling,greedy_interval_scheduling_006,greedy_interval_scheduling_006::code_only_v1,benchmark/v0.3/annotation/review_packets/code_only_v1/greedy_interval_scheduling_006/packet.json,benchmark/v0.3/instances/greedy_interval_scheduling_006.json
184,hs_184,greedy_interval_scheduling_006,text_only_v1,greedy_interval_scheduling,greedy_interval_scheduling_006,greedy_interval_scheduling_006::text_only_v1,benchmark/v0.3/annotation/review_packets/text_only_v1/greedy_interval_scheduling_006/packet.json,benchmark/v0.3/instances/greedy_interval_scheduling_006.json
185,hs_185,greedy_interval_scheduling_007,code_only_v1,greedy_interval_scheduling,greedy_interval_scheduling_007,greedy_interval_scheduling_007::code_only_v1,benchmark/v0.3/annotation/review_packets/code_only_v1/greedy_interval_scheduling_007/packet.json,benchmark/v0.3/instances/greedy_interval_scheduling_007.json
186,hs_186,greedy_interval_scheduling_007,naive_concat_v1,greedy_interval_scheduling,greedy_interval_scheduling_007,greedy_interval_scheduling_007::naive_concat_v1,benchmark/v0.3/annotation/review_packets/naive_concat_v1/greedy_interval_scheduling_007/packet.json,benchmark/v0.3/instances/greedy_interval_scheduling_007.json
187,hs_187,greedy_interval_scheduling_007,text_only_v1,greedy_interval_scheduling,greedy_interval_scheduling_007,greedy_interval_scheduling_007::text_only_v1,benchmark/v0.3/annotation/review_packets/text_only_v1/greedy_interval_scheduling_007/packet.json,benchmark/v0.3/instances/greedy_interval_scheduling_007.json
188,hs_188,sorting_insertion_sort_001,code_only_v1,sorting_insertion_sort,sorting_insertion_sort_001,sorting_insertion_sort_001::code_only_v1,benchmark/v0.3/annotation/review_packets/code_only_v1/sorting_insertion_sort_001/packet.json,benchmark/v0.3/instances/sorting_insertion_sort_001.json
189,hs_189,sorting_insertion_sort_001,full_method_v1,sorting_insertion_sort,sorting_insertion_sort_001,sorting_insertion_sort_001::full_method_v1,benchmark/v0.3/annotation/review_packets/full_method_v1/sorting_insertion_sort_001/packet.json,benchmark/v0.3/instances/sorting_insertion_sort_001.json
190,hs_190,sorting_insertion_sort_001,naive_concat_v1,sorting_insertion_sort,sorting_insertion_sort_001,sorting_insertion_sort_001::naive_concat_v1,benchmark/v0.3/annotation/review_packets/naive_concat_v1/sorting_insertion_sort_001/packet.json,benchmark/v0.3/instances/sorting_insertion_sort_001.json
191,hs_191,sorting_insertion_sort_002,code_only_v1,sorting_insertion_sort,sorting_insertion_sort_002,sorting_insertion_sort_002::code_only_v1,benchmark/v0.3/annotation/review_packets/code_only_v1/sorting_insertion_sort_002/packet.json,benchmark/v0.3/instances/sorting_insertion_sort_002.json
192,hs_192,sorting_insertion_sort_002,full_method_v1,sorting_insertion_sort,sorting_insertion_sort_002,sorting_insertion_sort_002::full_method_v1,benchmark/v0.3/annotation/review_packets/full_method_v1/sorting_insertion_sort_002/packet.json,benchmark/v0.3/instances/sorting_insertion_sort_002.json
193,hs_193,sorting_insertion_sort_002,naive_concat_v1,sorting_insertion_sort,sorting_insertion_sort_002,sorting_insertion_sort_002::naive_concat_v1,benchmark/v0.3/annotation/review_packets/naive_concat_v1/sorting_insertion_sort_002/packet.json,benchmark/v0.3/instances/sorting_insertion_sort_002.json
194,hs_194,sorting_insertion_sort_002,text_only_v1,sorting_insertion_sort,sorting_insertion_sort_002,sorting_insertion_sort_002::text_only_v1,benchmark/v0.3/annotation/review_packets/text_only_v1/sorting_insertion_sort_002/packet.json,benchmark/v0.3/instances/sorting_insertion_sort_002.json
195,hs_195,sorting_insertion_sort_003,code_only_v1,sorting_insertion_sort,sorting_insertion_sort_003,sorting_insertion_sort_003::code_only_v1,benchmark/v0.3/annotation/review_packets/code_only_v1/sorting_insertion_sort_003/packet.json,benchmark/v0.3/instances/sorting_insertion_sort_003.json
196,hs_196,sorting_insertion_sort_003,full_method_v1,sorting_insertion_sort,sorting_insertion_sort_003,sorting_insertion_sort_003::full_method_v1,benchmark/v0.3/annotation/review_packets/full_method_v1/sorting_insertion_sort_003/packet.json,benchmark/v0.3/instances/sorting_insertion_sort_003.json
197,hs_197,sorting_insertion_sort_003,naive_concat_v1,sorting_insertion_sort,sorting_insertion_sort_003,sorting_insertion_sort_003::naive_concat_v1,benchmark/v0.3/annotation/review_packets/naive_concat_v1/sorting_insertion_sort_003/packet.json,benchmark/v0.3/instances/sorting_insertion_sort_003.json
198,hs_198,sorting_insertion_sort_003,text_only_v1,sorting_insertion_sort,sorting_insertion_sort_003,sorting_insertion_sort_003::text_only_v1,benchmark/v0.3/annotation/review_packets/text_only_v1/sorting_insertion_sort_003/packet.json,benchmark/v0.3/instances/sorting_insertion_sort_003.json
199,hs_199,sorting_insertion_sort_004,code_only_v1,sorting_insertion_sort,sorting_insertion_sort_004,sorting_insertion_sort_004::code_only_v1,benchmark/v0.3/annotation/review_packets/code_only_v1/sorting_insertion_sort_004/packet.json,benchmark/v0.3/instances/sorting_insertion_sort_004.json
200,hs_200,sorting_insertion_sort_004,full_method_v1,sorting_insertion_sort,sorting_insertion_sort_004,sorting_insertion_sort_004::full_method_v1,benchmark/v0.3/annotation/review_packets/full_method_v1/sorting_insertion_sort_004/packet.json,benchmark/v0.3/instances/sorting_insertion_sort_004.json
201,hs_201,sorting_insertion_sort_004,naive_concat_v1,sorting_insertion_sort,sorting_insertion_sort_004,sorting_insertion_sort_004::naive_concat_v1,benchmark/v0.3/annotation/review_packets/naive_concat_v1/sorting_insertion_sort_004/packet.json,benchmark/v0.3/instances/sorting_insertion_sort_004.json
202,hs_202,sorting_insertion_sort_004,text_only_v1,sorting_insertion_sort,sorting_insertion_sort_004,sorting_insertion_sort_004::text_only_v1,benchmark/v0.3/annotation/review_packets/text_only_v1/sorting_insertion_sort_004/packet.json,benchmark/v0.3/instances/sorting_insertion_sort_004.json
203,hs_203,sorting_insertion_sort_005,naive_concat_v1,sorting_insertion_sort,sorting_insertion_sort_005,sorting_insertion_sort_005::naive_concat_v1,benchmark/v0.3/annotation/review_packets/naive_concat_v1/sorting_insertion_sort_005/packet.json,benchmark/v0.3/instances/sorting_insertion_sort_005.json
204,hs_204,sorting_insertion_sort_005,text_only_v1,sorting_insertion_sort,sorting_insertion_sort_005,sorting_insertion_sort_005::text_only_v1,benchmark/v0.3/annotation/review_packets/text_only_v1/sorting_insertion_sort_005/packet.json,benchmark/v0.3/instances/sorting_insertion_sort_005.json
205,hs_205,sorting_insertion_sort_006,naive_concat_v1,sorting_insertion_sort,sorting_insertion_sort_006,sorting_insertion_sort_006::naive_concat_v1,benchmark/v0.3/annotation/review_packets/naive_concat_v1/sorting_insertion_sort_006/packet.json,benchmark/v0.3/instances/sorting_insertion_sort_006.json
206,hs_206,sorting_insertion_sort_006,text_only_v1,sorting_insertion_sort,sorting_insertion_sort_006,sorting_insertion_sort_006::text_only_v1,benchmark/v0.3/annotation/review_packets/text_only_v1/sorting_insertion_sort_006/packet.json,benchmark/v0.3/instances/sorting_insertion_sort_006.json
207,hs_207,sorting_insertion_sort_007,naive_concat_v1,sorting_insertion_sort,sorting_insertion_sort_007,sorting_insertion_sort_007::naive_concat_v1,benchmark/v0.3/annotation/review_packets/naive_concat_v1/sorting_insertion_sort_007/packet.json,benchmark/v0.3/instances/sorting_insertion_sort_007.json
208,hs_208,sorting_insertion_sort_007,text_only_v1,sorting_insertion_sort,sorting_insertion_sort_007,sorting_insertion_sort_007::text_only_v1,benchmark/v0.3/annotation/review_packets/text_only_v1/sorting_insertion_sort_007/packet.json,benchmark/v0.3/instances/sorting_insertion_sort_007.json
209,hs_209,sorting_merge_sort_001,code_only_v1,sorting_merge_sort,sorting_merge_sort_001,sorting_merge_sort_001::code_only_v1,benchmark/v0.3/annotation/review_packets/code_only_v1/sorting_merge_sort_001/packet.json,benchmark/v0.3/instances/sorting_merge_sort_001.json
210,hs_210,sorting_merge_sort_001,full_method_v1,sorting_merge_sort,sorting_merge_sort_001,sorting_merge_sort_001::full_method_v1,benchmark/v0.3/annotation/review_packets/full_method_v1/sorting_merge_sort_001/packet.json,benchmark/v0.3/instances/sorting_merge_sort_001.json
211,hs_211,sorting_merge_sort_001,naive_concat_v1,sorting_merge_sort,sorting_merge_sort_001,sorting_merge_sort_001::naive_concat_v1,benchmark/v0.3/annotation/review_packets/naive_concat_v1/sorting_merge_sort_001/packet.json,benchmark/v0.3/instances/sorting_merge_sort_001.json
212,hs_212,sorting_merge_sort_001,text_only_v1,sorting_merge_sort,sorting_merge_sort_001,sorting_merge_sort_001::text_only_v1,benchmark/v0.3/annotation/review_packets/text_only_v1/sorting_merge_sort_001/packet.json,benchmark/v0.3/instances/sorting_merge_sort_001.json
213,hs_213,sorting_merge_sort_002,code_only_v1,sorting_merge_sort,sorting_merge_sort_002,sorting_merge_sort_002::code_only_v1,benchmark/v0.3/annotation/review_packets/code_only_v1/sorting_merge_sort_002/packet.json,benchmark/v0.3/instances/sorting_merge_sort_002.json
214,hs_214,sorting_merge_sort_002,full_method_v1,sorting_merge_sort,sorting_merge_sort_002,sorting_merge_sort_002::full_method_v1,benchmark/v0.3/annotation/review_packets/full_method_v1/sorting_merge_sort_002/packet.json,benchmark/v0.3/instances/sorting_merge_sort_002.json
215,hs_215,sorting_merge_sort_002,naive_concat_v1,sorting_merge_sort,sorting_merge_sort_002,sorting_merge_sort_002::naive_concat_v1,benchmark/v0.3/annotation/review_packets/naive_concat_v1/sorting_merge_sort_002/packet.json,benchmark/v0.3/instances/sorting_merge_sort_002.json
216,hs_216,sorting_merge_sort_002,text_only_v1,sorting_merge_sort,sorting_merge_sort_002,sorting_merge_sort_002::text_only_v1,benchmark/v0.3/annotation/review_packets/text_only_v1/sorting_merge_sort_002/packet.json,benchmark/v0.3/instances/sorting_merge_sort_002.json
217,hs_217,sorting_merge_sort_003,code_only_v1,sorting_merge_sort,sorting_merge_sort_003,sorting_merge_sort_003::code_only_v1,benchmark/v0.3/annotation/review_packets/code_only_v1/sorting_merge_sort_003/packet.json,benchmark/v0.3/instances/sorting_merge_sort_003.json
218,hs_218,sorting_merge_sort_003,full_method_v1,sorting_merge_sort,sorting_merge_sort_003,sorting_merge_sort_003::full_method_v1,benchmark/v0.3/annotation/review_packets/full_method_v1/sorting_merge_sort_003/packet.json,benchmark/v0.3/instances/sorting_merge_sort_003.json
219,hs_219,sorting_merge_sort_003,naive_concat_v1,sorting_merge_sort,sorting_merge_sort_003,sorting_merge_sort_003::naive_concat_v1,benchmark/v0.3/annotation/review_packets/naive_concat_v1/sorting_merge_sort_003/packet.json,benchmark/v0.3/instances/sorting_merge_sort_003.json
220,hs_220,sorting_merge_sort_003,text_only_v1,sorting_merge_sort,sorting_merge_sort_003,sorting_merge_sort_003::text_only_v1,benchmark/v0.3/annotation/review_packets/text_only_v1/sorting_merge_sort_003/packet.json,benchmark/v0.3/instances/sorting_merge_sort_003.json
221,hs_221,sorting_merge_sort_004,code_only_v1,sorting_merge_sort,sorting_merge_sort_004,sorting_merge_sort_004::code_only_v1,benchmark/v0.3/annotation/review_packets/code_only_v1/sorting_merge_sort_004/packet.json,benchmark/v0.3/instances/sorting_merge_sort_004.json
222,hs_222,sorting_merge_sort_004,full_method_v1,sorting_merge_sort,sorting_merge_sort_004,sorting_merge_sort_004::full_method_v1,benchmark/v0.3/annotation/review_packets/full_method_v1/sorting_merge_sort_004/packet.json,benchmark/v0.3/instances/sorting_merge_sort_004.json
223,hs_223,sorting_merge_sort_004,naive_concat_v1,sorting_merge_sort,sorting_merge_sort_004,sorting_merge_sort_004::naive_concat_v1,benchmark/v0.3/annotation/review_packets/naive_concat_v1/sorting_merge_sort_004/packet.json,benchmark/v0.3/instances/sorting_merge_sort_004.json
224,hs_224,sorting_merge_sort_004,text_only_v1,sorting_merge_sort,sorting_merge_sort_004,sorting_merge_sort_004::text_only_v1,benchmark/v0.3/annotation/review_packets/text_only_v1/sorting_merge_sort_004/packet.json,benchmark/v0.3/instances/sorting_merge_sort_004.json
225,hs_225,sorting_merge_sort_005,code_only_v1,sorting_merge_sort,sorting_merge_sort_005,sorting_merge_sort_005::code_only_v1,benchmark/v0.3/annotation/review_packets/code_only_v1/sorting_merge_sort_005/packet.json,benchmark/v0.3/instances/sorting_merge_sort_005.json
226,hs_226,sorting_merge_sort_005,naive_concat_v1,sorting_merge_sort,sorting_merge_sort_005,sorting_merge_sort_005::naive_concat_v1,benchmark/v0.3/annotation/review_packets/naive_concat_v1/sorting_merge_sort_005/packet.json,benchmark/v0.3/instances/sorting_merge_sort_005.json
227,hs_227,sorting_merge_sort_005,text_only_v1,sorting_merge_sort,sorting_merge_sort_005,sorting_merge_sort_005::text_only_v1,benchmark/v0.3/annotation/review_packets/text_only_v1/sorting_merge_sort_005/packet.json,benchmark/v0.3/instances/sorting_merge_sort_005.json
228,hs_228,sorting_merge_sort_006,text_only_v1,sorting_merge_sort,sorting_merge_sort_006,sorting_merge_sort_006::text_only_v1,benchmark/v0.3/annotation/review_packets/text_only_v1/sorting_merge_sort_006/packet.json,benchmark/v0.3/instances/sorting_merge_sort_006.json
229,hs_229,sorting_merge_sort_007,naive_concat_v1,sorting_merge_sort,sorting_merge_sort_007,sorting_merge_sort_007::naive_concat_v1,benchmark/v0.3/annotation/review_packets/naive_concat_v1/sorting_merge_sort_007/packet.json,benchmark/v0.3/instances/sorting_merge_sort_007.json
230,hs_230,sorting_merge_sort_007,text_only_v1,sorting_merge_sort,sorting_merge_sort_007,sorting_merge_sort_007::text_only_v1,benchmark/v0.3/annotation/review_packets/text_only_v1/sorting_merge_sort_007/packet.json,benchmark/v0.3/instances/sorting_merge_sort_007.json
231,hs_231,trees_bst_insert_001,code_only_v1,trees_bst_insert,trees_bst_insert_001,trees_bst_insert_001::code_only_v1,benchmark/v0.3/annotation/review_packets/code_only_v1/trees_bst_insert_001/packet.json,benchmark/v0.3/instances/trees_bst_insert_001.json
232,hs_232,trees_bst_insert_001,full_method_v1,trees_bst_insert,trees_bst_insert_001,trees_bst_insert_001::full_method_v1,benchmark/v0.3/annotation/review_packets/full_method_v1/trees_bst_insert_001/packet.json,benchmark/v0.3/instances/trees_bst_insert_001.json
233,hs_233,trees_bst_insert_001,naive_concat_v1,trees_bst_insert,trees_bst_insert_001,trees_bst_insert_001::naive_concat_v1,benchmark/v0.3/annotation/review_packets/naive_concat_v1/trees_bst_insert_001/packet.json,benchmark/v0.3/instances/trees_bst_insert_001.json
234,hs_234,trees_bst_insert_001,text_only_v1,trees_bst_insert,trees_bst_insert_001,trees_bst_insert_001::text_only_v1,benchmark/v0.3/annotation/review_packets/text_only_v1/trees_bst_insert_001/packet.json,benchmark/v0.3/instances/trees_bst_insert_001.json
235,hs_235,trees_bst_insert_002,code_only_v1,trees_bst_insert,trees_bst_insert_002,trees_bst_insert_002::code_only_v1,benchmark/v0.3/annotation/review_packets/code_only_v1/trees_bst_insert_002/packet.json,benchmark/v0.3/instances/trees_bst_insert_002.json
236,hs_236,trees_bst_insert_002,full_method_v1,trees_bst_insert,trees_bst_insert_002,trees_bst_insert_002::full_method_v1,benchmark/v0.3/annotation/review_packets/full_method_v1/trees_bst_insert_002/packet.json,benchmark/v0.3/instances/trees_bst_insert_002.json
237,hs_237,trees_bst_insert_002,naive_concat_v1,trees_bst_insert,trees_bst_insert_002,trees_bst_insert_002::naive_concat_v1,benchmark/v0.3/annotation/review_packets/naive_concat_v1/trees_bst_insert_002/packet.json,benchmark/v0.3/instances/trees_bst_insert_002.json
238,hs_238,trees_bst_insert_002,text_only_v1,trees_bst_insert,trees_bst_insert_002,trees_bst_insert_002::text_only_v1,benchmark/v0.3/annotation/review_packets/text_only_v1/trees_bst_insert_002/packet.json,benchmark/v0.3/instances/trees_bst_insert_002.json
239,hs_239,trees_bst_insert_003,code_only_v1,trees_bst_insert,trees_bst_insert_003,trees_bst_insert_003::code_only_v1,benchmark/v0.3/annotation/review_packets/code_only_v1/trees_bst_insert_003/packet.json,benchmark/v0.3/instances/trees_bst_insert_003.json
240,hs_240,trees_bst_insert_003,full_method_v1,trees_bst_insert,trees_bst_insert_003,trees_bst_insert_003::full_method_v1,benchmark/v0.3/annotation/review_packets/full_method_v1/trees_bst_insert_003/packet.json,benchmark/v0.3/instances/trees_bst_insert_003.json
241,hs_241,trees_bst_insert_003,naive_concat_v1,trees_bst_insert,trees_bst_insert_003,trees_bst_insert_003::naive_concat_v1,benchmark/v0.3/annotation/review_packets/naive_concat_v1/trees_bst_insert_003/packet.json,benchmark/v0.3/instances/trees_bst_insert_003.json
242,hs_242,trees_bst_insert_003,text_only_v1,trees_bst_insert,trees_bst_insert_003,trees_bst_insert_003::text_only_v1,benchmark/v0.3/annotation/review_packets/text_only_v1/trees_bst_insert_003/packet.json,benchmark/v0.3/instances/trees_bst_insert_003.json
243,hs_243,trees_bst_insert_004,code_only_v1,trees_bst_insert,trees_bst_insert_004,trees_bst_insert_004::code_only_v1,benchmark/v0.3/annotation/review_packets/code_only_v1/trees_bst_insert_004/packet.json,benchmark/v0.3/instances/trees_bst_insert_004.json
244,hs_244,trees_bst_insert_004,naive_concat_v1,trees_bst_insert,trees_bst_insert_004,trees_bst_insert_004::naive_concat_v1,benchmark/v0.3/annotation/review_packets/naive_concat_v1/trees_bst_insert_004/packet.json,benchmark/v0.3/instances/trees_bst_insert_004.json
245,hs_245,trees_bst_insert_004,text_only_v1,trees_bst_insert,trees_bst_insert_004,trees_bst_insert_004::text_only_v1,benchmark/v0.3/annotation/review_packets/text_only_v1/trees_bst_insert_004/packet.json,benchmark/v0.3/instances/trees_bst_insert_004.json
246,hs_246,trees_bst_insert_005,full_method_v1,trees_bst_insert,trees_bst_insert_005,trees_bst_insert_005::full_method_v1,benchmark/v0.3/annotation/review_packets/full_method_v1/trees_bst_insert_005/packet.json,benchmark/v0.3/instances/trees_bst_insert_005.json
247,hs_247,trees_bst_insert_005,naive_concat_v1,trees_bst_insert,trees_bst_insert_005,trees_bst_insert_005::naive_concat_v1,benchmark/v0.3/annotation/review_packets/naive_concat_v1/trees_bst_insert_005/packet.json,benchmark/v0.3/instances/trees_bst_insert_005.json
248,hs_248,trees_bst_insert_005,text_only_v1,trees_bst_insert,trees_bst_insert_005,trees_bst_insert_005::text_only_v1,benchmark/v0.3/annotation/review_packets/text_only_v1/trees_bst_insert_005/packet.json,benchmark/v0.3/instances/trees_bst_insert_005.json
249,hs_249,trees_bst_insert_006,naive_concat_v1,trees_bst_insert,trees_bst_insert_006,trees_bst_insert_006::naive_concat_v1,benchmark/v0.3/annotation/review_packets/naive_concat_v1/trees_bst_insert_006/packet.json,benchmark/v0.3/instances/trees_bst_insert_006.json
250,hs_250,trees_bst_insert_006,text_only_v1,trees_bst_insert,trees_bst_insert_006,trees_bst_insert_006::text_only_v1,benchmark/v0.3/annotation/review_packets/text_only_v1/trees_bst_insert_006/packet.json,benchmark/v0.3/instances/trees_bst_insert_006.json
251,hs_251,trees_bst_insert_007,naive_concat_v1,trees_bst_insert,trees_bst_insert_007,trees_bst_insert_007::naive_concat_v1,benchmark/v0.3/annotation/review_packets/naive_concat_v1/trees_bst_insert_007/packet.json,benchmark/v0.3/instances/trees_bst_insert_007.json
252,hs_252,trees_bst_insert_007,text_only_v1,trees_bst_insert,trees_bst_insert_007,trees_bst_insert_007::text_only_v1,benchmark/v0.3/annotation/review_packets/text_only_v1/trees_bst_insert_007/packet.json,benchmark/v0.3/instances/trees_bst_insert_007.json
253,hs_253,trees_lowest_common_ancestor_001,code_only_v1,trees_lowest_common_ancestor,trees_lowest_common_ancestor_001,trees_lowest_common_ancestor_001::code_only_v1,benchmark/v0.3/annotation/review_packets/code_only_v1/trees_lowest_common_ancestor_001/packet.json,benchmark/v0.3/instances/trees_lowest_common_ancestor_001.json
254,hs_254,trees_lowest_common_ancestor_001,full_method_v1,trees_lowest_common_ancestor,trees_lowest_common_ancestor_001,trees_lowest_common_ancestor_001::full_method_v1,benchmark/v0.3/annotation/review_packets/full_method_v1/trees_lowest_common_ancestor_001/packet.json,benchmark/v0.3/instances/trees_lowest_common_ancestor_001.json
255,hs_255,trees_lowest_common_ancestor_001,naive_concat_v1,trees_lowest_common_ancestor,trees_lowest_common_ancestor_001,trees_lowest_common_ancestor_001::naive_concat_v1,benchmark/v0.3/annotation/review_packets/naive_concat_v1/trees_lowest_common_ancestor_001/packet.json,benchmark/v0.3/instances/trees_lowest_common_ancestor_001.json
256,hs_256,trees_lowest_common_ancestor_001,text_only_v1,trees_lowest_common_ancestor,trees_lowest_common_ancestor_001,trees_lowest_common_ancestor_001::text_only_v1,benchmark/v0.3/annotation/review_packets/text_only_v1/trees_lowest_common_ancestor_001/packet.json,benchmark/v0.3/instances/trees_lowest_common_ancestor_001.json
257,hs_257,trees_lowest_common_ancestor_002,code_only_v1,trees_lowest_common_ancestor,trees_lowest_common_ancestor_002,trees_lowest_common_ancestor_002::code_only_v1,benchmark/v0.3/annotation/review_packets/code_only_v1/trees_lowest_common_ancestor_002/packet.json,benchmark/v0.3/instances/trees_lowest_common_ancestor_002.json
258,hs_258,trees_lowest_common_ancestor_002,full_method_v1,trees_lowest_common_ancestor,trees_lowest_common_ancestor_002,trees_lowest_common_ancestor_002::full_method_v1,benchmark/v0.3/annotation/review_packets/full_method_v1/trees_lowest_common_ancestor_002/packet.json,benchmark/v0.3/instances/trees_lowest_common_ancestor_002.json
259,hs_259,trees_lowest_common_ancestor_002,naive_concat_v1,trees_lowest_common_ancestor,trees_lowest_common_ancestor_002,trees_lowest_common_ancestor_002::naive_concat_v1,benchmark/v0.3/annotation/review_packets/naive_concat_v1/trees_lowest_common_ancestor_002/packet.json,benchmark/v0.3/instances/trees_lowest_common_ancestor_002.json
260,hs_260,trees_lowest_common_ancestor_002,text_only_v1,trees_lowest_common_ancestor,trees_lowest_common_ancestor_002,trees_lowest_common_ancestor_002::text_only_v1,benchmark/v0.3/annotation/review_packets/text_only_v1/trees_lowest_common_ancestor_002/packet.json,benchmark/v0.3/instances/trees_lowest_common_ancestor_002.json
261,hs_261,trees_lowest_common_ancestor_003,code_only_v1,trees_lowest_common_ancestor,trees_lowest_common_ancestor_003,trees_lowest_common_ancestor_003::code_only_v1,benchmark/v0.3/annotation/review_packets/code_only_v1/trees_lowest_common_ancestor_003/packet.json,benchmark/v0.3/instances/trees_lowest_common_ancestor_003.json
262,hs_262,trees_lowest_common_ancestor_003,full_method_v1,trees_lowest_common_ancestor,trees_lowest_common_ancestor_003,trees_lowest_common_ancestor_003::full_method_v1,benchmark/v0.3/annotation/review_packets/full_method_v1/trees_lowest_common_ancestor_003/packet.json,benchmark/v0.3/instances/trees_lowest_common_ancestor_003.json
263,hs_263,trees_lowest_common_ancestor_003,naive_concat_v1,trees_lowest_common_ancestor,trees_lowest_common_ancestor_003,trees_lowest_common_ancestor_003::naive_concat_v1,benchmark/v0.3/annotation/review_packets/naive_concat_v1/trees_lowest_common_ancestor_003/packet.json,benchmark/v0.3/instances/trees_lowest_common_ancestor_003.json
264,hs_264,trees_lowest_common_ancestor_003,text_only_v1,trees_lowest_common_ancestor,trees_lowest_common_ancestor_003,trees_lowest_common_ancestor_003::text_only_v1,benchmark/v0.3/annotation/review_packets/text_only_v1/trees_lowest_common_ancestor_003/packet.json,benchmark/v0.3/instances/trees_lowest_common_ancestor_003.json
265,hs_265,trees_lowest_common_ancestor_004,code_only_v1,trees_lowest_common_ancestor,trees_lowest_common_ancestor_004,trees_lowest_common_ancestor_004::code_only_v1,benchmark/v0.3/annotation/review_packets/code_only_v1/trees_lowest_common_ancestor_004/packet.json,benchmark/v0.3/instances/trees_lowest_common_ancestor_004.json
266,hs_266,trees_lowest_common_ancestor_004,full_method_v1,trees_lowest_common_ancestor,trees_lowest_common_ancestor_004,trees_lowest_common_ancestor_004::full_method_v1,benchmark/v0.3/annotation/review_packets/full_method_v1/trees_lowest_common_ancestor_004/packet.json,benchmark/v0.3/instances/trees_lowest_common_ancestor_004.json
267,hs_267,trees_lowest_common_ancestor_004,naive_concat_v1,trees_lowest_common_ancestor,trees_lowest_common_ancestor_004,trees_lowest_common_ancestor_004::naive_concat_v1,benchmark/v0.3/annotation/review_packets/naive_concat_v1/trees_lowest_common_ancestor_004/packet.json,benchmark/v0.3/instances/trees_lowest_common_ancestor_004.json
268,hs_268,trees_lowest_common_ancestor_004,text_only_v1,trees_lowest_common_ancestor,trees_lowest_common_ancestor_004,trees_lowest_common_ancestor_004::text_only_v1,benchmark/v0.3/annotation/review_packets/text_only_v1/trees_lowest_common_ancestor_004/packet.json,benchmark/v0.3/instances/trees_lowest_common_ancestor_004.json
269,hs_269,trees_lowest_common_ancestor_005,naive_concat_v1,trees_lowest_common_ancestor,trees_lowest_common_ancestor_005,trees_lowest_common_ancestor_005::naive_concat_v1,benchmark/v0.3/annotation/review_packets/naive_concat_v1/trees_lowest_common_ancestor_005/packet.json,benchmark/v0.3/instances/trees_lowest_common_ancestor_005.json
270,hs_270,trees_lowest_common_ancestor_005,text_only_v1,trees_lowest_common_ancestor,trees_lowest_common_ancestor_005,trees_lowest_common_ancestor_005::text_only_v1,benchmark/v0.3/annotation/review_packets/text_only_v1/trees_lowest_common_ancestor_005/packet.json,benchmark/v0.3/instances/trees_lowest_common_ancestor_005.json
271,hs_271,trees_lowest_common_ancestor_006,naive_concat_v1,trees_lowest_common_ancestor,trees_lowest_common_ancestor_006,trees_lowest_common_ancestor_006::naive_concat_v1,benchmark/v0.3/annotation/review_packets/naive_concat_v1/trees_lowest_common_ancestor_006/packet.json,benchmark/v0.3/instances/trees_lowest_common_ancestor_006.json
272,hs_272,trees_lowest_common_ancestor_006,text_only_v1,trees_lowest_common_ancestor,trees_lowest_common_ancestor_006,trees_lowest_common_ancestor_006::text_only_v1,benchmark/v0.3/annotation/review_packets/text_only_v1/trees_lowest_common_ancestor_006/packet.json,benchmark/v0.3/instances/trees_lowest_common_ancestor_006.json
273,hs_273,trees_lowest_common_ancestor_007,naive_concat_v1,trees_lowest_common_ancestor,trees_lowest_common_ancestor_007,trees_lowest_common_ancestor_007::naive_concat_v1,benchmark/v0.3/annotation/review_packets/naive_concat_v1/trees_lowest_common_ancestor_007/packet.json,benchmark/v0.3/instances/trees_lowest_common_ancestor_007.json
274,hs_274,trees_lowest_common_ancestor_007,text_only_v1,trees_lowest_common_ancestor,trees_lowest_common_ancestor_007,trees_lowest_common_ancestor_007::text_only_v1,benchmark/v0.3/annotation/review_packets/text_only_v1/trees_lowest_common_ancestor_007/packet.json,benchmark/v0.3/instances/trees_lowest_common_ancestor_007.json
