anonymized_packet_key,instance_id,system_id,family,semantic_faithfulness_label,semantic_faithfulness_code,code_consistency_label,code_consistency_code,proof_utility_label,proof_utility_code,vacuity_label,coverage_label,covered_units,partial_units,missing_units,contradiction_signal,notes
hs_001,arrays_binary_search_001,code_only_v1,arrays_binary_search,faithful,3,consistent,3,weak,1,non_vacuous,full,SU1|SU2|SU3,,,0,strict v3 primary adjudication rebuilt from strict queue + packet evidence
hs_002,arrays_binary_search_001,full_method_v1,arrays_binary_search,partial,1,mostly_consistent,2,weak,1,non_vacuous,full,SU1|SU2|SU3,,,1,strict v3 primary adjudication rebuilt from strict queue + packet evidence
hs_003,arrays_binary_search_001,naive_concat_v1,arrays_binary_search,faithful,3,consistent,3,weak,1,non_vacuous,failed,,,SU1|SU2|SU3,0,strict v3 primary adjudication rebuilt from strict queue + packet evidence
hs_004,arrays_binary_search_002,code_only_v1,arrays_binary_search,faithful,3,consistent,3,weak,1,non_vacuous,full,SU1|SU2|SU3,,,0,strict v3 primary adjudication rebuilt from strict queue + packet evidence
hs_005,arrays_binary_search_002,full_method_v1,arrays_binary_search,faithful,3,consistent,3,weak,1,non_vacuous,full,SU1|SU2|SU3,,,0,strict v3 primary adjudication rebuilt from strict queue + packet evidence
hs_006,arrays_binary_search_002,naive_concat_v1,arrays_binary_search,faithful,3,consistent,3,weak,1,non_vacuous,full,SU1|SU2|SU3,,,0,strict v3 primary adjudication rebuilt from strict queue + packet evidence
hs_007,arrays_binary_search_002,text_only_v1,arrays_binary_search,faithful,3,consistent,3,weak,1,non_vacuous,failed,,,SU1|SU2|SU3,0,strict v3 primary adjudication rebuilt from strict queue + packet evidence
hs_008,arrays_binary_search_003,code_only_v1,arrays_binary_search,faithful,3,consistent,3,weak,1,non_vacuous,full,SU1|SU2|SU3,,,0,strict v3 primary adjudication rebuilt from strict queue + packet evidence
hs_009,arrays_binary_search_003,full_method_v1,arrays_binary_search,partial,1,mostly_consistent,2,weak,1,non_vacuous,full,SU1|SU2|SU3,,,1,strict v3 primary adjudication rebuilt from strict queue + packet evidence
hs_010,arrays_binary_search_003,naive_concat_v1,arrays_binary_search,faithful,3,consistent,3,weak,1,non_vacuous,failed,,,SU1|SU2|SU3,0,strict v3 primary adjudication rebuilt from strict queue + packet evidence
hs_011,arrays_binary_search_003,text_only_v1,arrays_binary_search,faithful,3,consistent,3,weak,1,non_vacuous,failed,,,SU1|SU2|SU3,0,strict v3 primary adjudication rebuilt from strict queue + packet evidence
hs_012,arrays_binary_search_004,code_only_v1,arrays_binary_search,faithful,3,consistent,3,weak,1,non_vacuous,full,SU1|SU2|SU3,,,0,strict v3 primary adjudication rebuilt from strict queue + packet evidence
hs_013,arrays_binary_search_004,full_method_v1,arrays_binary_search,partial,1,mostly_consistent,2,weak,1,non_vacuous,full,SU1|SU2|SU3,,,1,strict v3 primary adjudication rebuilt from strict queue + packet evidence
hs_014,arrays_binary_search_004,naive_concat_v1,arrays_binary_search,faithful,3,consistent,3,weak,1,non_vacuous,partial,,SU1|SU2|SU3,,0,strict v3 primary adjudication rebuilt from strict queue + packet evidence
hs_015,arrays_binary_search_004,text_only_v1,arrays_binary_search,faithful,3,consistent,3,weak,1,non_vacuous,partial,,SU1|SU2|SU3,,0,strict v3 primary adjudication rebuilt from strict queue + packet evidence
hs_016,arrays_binary_search_005,full_method_v1,arrays_binary_search,faithful,3,consistent,3,weak,1,non_vacuous,full,SU1|SU2|SU3,,,0,strict v3 primary adjudication rebuilt from strict queue + packet evidence
hs_017,arrays_binary_search_005,text_only_v1,arrays_binary_search,faithful,3,consistent,3,weak,1,non_vacuous,partial,,SU1|SU2|SU3,,0,strict v3 primary adjudication rebuilt from strict queue + packet evidence
hs_018,arrays_binary_search_006,full_method_v1,arrays_binary_search,partial,1,mostly_consistent,2,weak,1,non_vacuous,full,SU1|SU2|SU3,,,1,strict v3 primary adjudication rebuilt from strict queue + packet evidence
hs_019,arrays_binary_search_006,naive_concat_v1,arrays_binary_search,faithful,3,consistent,3,weak,1,non_vacuous,partial,,SU1|SU2|SU3,,0,strict v3 primary adjudication rebuilt from strict queue + packet evidence
hs_020,arrays_binary_search_006,text_only_v1,arrays_binary_search,faithful,3,consistent,3,weak,1,non_vacuous,partial,,SU1|SU2|SU3,,0,strict v3 primary adjudication rebuilt from strict queue + packet evidence
hs_021,arrays_binary_search_007,full_method_v1,arrays_binary_search,faithful,3,consistent,3,weak,1,non_vacuous,full,SU1|SU2|SU3,,,0,strict v3 primary adjudication rebuilt from strict queue + packet evidence
hs_022,arrays_binary_search_007,text_only_v1,arrays_binary_search,faithful,3,consistent,3,weak,1,non_vacuous,partial,,SU1|SU2|SU3,,0,strict v3 primary adjudication rebuilt from strict queue + packet evidence
hs_023,arrays_max_subarray_001,code_only_v1,arrays_max_subarray,faithful,3,consistent,3,weak,1,non_vacuous,full,SU1|SU2|SU3,,,0,strict v3 primary adjudication rebuilt from strict queue + packet evidence
hs_024,arrays_max_subarray_001,full_method_v1,arrays_max_subarray,faithful,3,consistent,3,weak,1,non_vacuous,full,SU1|SU2|SU3,,,0,strict v3 primary adjudication rebuilt from strict queue + packet evidence
hs_025,arrays_max_subarray_001,naive_concat_v1,arrays_max_subarray,mostly_faithful,2,consistent,3,weak,1,non_vacuous,failed,,,SU1|SU2|SU3,0,strict v3 primary adjudication rebuilt from strict queue + packet evidence
hs_026,arrays_max_subarray_001,text_only_v1,arrays_max_subarray,mostly_faithful,2,consistent,3,weak,1,non_vacuous,failed,,,SU1|SU2|SU3,0,strict v3 primary adjudication rebuilt from strict queue + packet evidence
hs_027,arrays_max_subarray_002,code_only_v1,arrays_max_subarray,faithful,3,consistent,3,weak,1,non_vacuous,full,SU1|SU2|SU3,,,0,strict v3 primary adjudication rebuilt from strict queue + packet evidence
hs_028,arrays_max_subarray_002,full_method_v1,arrays_max_subarray,faithful,3,consistent,3,weak,1,non_vacuous,full,SU1|SU2|SU3,,,0,strict v3 primary adjudication rebuilt from strict queue + packet evidence
hs_029,arrays_max_subarray_002,naive_concat_v1,arrays_max_subarray,mostly_faithful,2,consistent,3,weak,1,non_vacuous,failed,,,SU1|SU2|SU3,0,strict v3 primary adjudication rebuilt from strict queue + packet evidence
hs_030,arrays_max_subarray_002,text_only_v1,arrays_max_subarray,faithful,3,consistent,3,weak,1,non_vacuous,failed,,,SU1|SU2|SU3,0,strict v3 primary adjudication rebuilt from strict queue + packet evidence
hs_031,arrays_max_subarray_003,code_only_v1,arrays_max_subarray,faithful,3,consistent,3,weak,1,non_vacuous,full,SU1|SU2|SU3,,,0,strict v3 primary adjudication rebuilt from strict queue + packet evidence
hs_032,arrays_max_subarray_003,full_method_v1,arrays_max_subarray,faithful,3,consistent,3,weak,1,non_vacuous,full,SU1|SU2|SU3,,,0,strict v3 primary adjudication rebuilt from strict queue + packet evidence
hs_033,arrays_max_subarray_003,naive_concat_v1,arrays_max_subarray,mostly_faithful,2,consistent,3,weak,1,non_vacuous,failed,,,SU1|SU2|SU3,0,strict v3 primary adjudication rebuilt from strict queue + packet evidence
hs_034,arrays_max_subarray_003,text_only_v1,arrays_max_subarray,mostly_faithful,2,consistent,3,weak,1,non_vacuous,failed,,,SU1|SU2|SU3,0,strict v3 primary adjudication rebuilt from strict queue + packet evidence
hs_035,arrays_max_subarray_004,full_method_v1,arrays_max_subarray,faithful,3,consistent,3,weak,1,non_vacuous,full,SU1|SU2|SU3,,,0,strict v3 primary adjudication rebuilt from strict queue + packet evidence
hs_036,arrays_max_subarray_004,naive_concat_v1,arrays_max_subarray,mostly_faithful,2,consistent,3,weak,1,non_vacuous,partial,,SU3,SU1|SU2,0,strict v3 primary adjudication rebuilt from strict queue + packet evidence
hs_037,arrays_max_subarray_004,text_only_v1,arrays_max_subarray,mostly_faithful,2,consistent,3,weak,1,non_vacuous,partial,,SU3,SU1|SU2,0,strict v3 primary adjudication rebuilt from strict queue + packet evidence
hs_038,arrays_max_subarray_005,full_method_v1,arrays_max_subarray,faithful,3,consistent,3,weak,1,non_vacuous,full,SU1|SU2|SU3,,,0,strict v3 primary adjudication rebuilt from strict queue + packet evidence
hs_039,arrays_max_subarray_005,naive_concat_v1,arrays_max_subarray,mostly_faithful,2,consistent,3,weak,1,non_vacuous,partial,,SU2,SU1|SU3,0,strict v3 primary adjudication rebuilt from strict queue + packet evidence
hs_040,arrays_max_subarray_005,text_only_v1,arrays_max_subarray,faithful,3,consistent,3,weak,1,non_vacuous,partial,,SU3,SU1|SU2,0,strict v3 primary adjudication rebuilt from strict queue + packet evidence
hs_041,arrays_max_subarray_006,full_method_v1,arrays_max_subarray,faithful,3,consistent,3,weak,1,non_vacuous,full,SU1|SU2|SU3,,,0,strict v3 primary adjudication rebuilt from strict queue + packet evidence
hs_042,arrays_max_subarray_006,naive_concat_v1,arrays_max_subarray,mostly_faithful,2,consistent,3,weak,1,non_vacuous,partial,,SU3,SU1|SU2,0,strict v3 primary adjudication rebuilt from strict queue + packet evidence
hs_043,arrays_max_subarray_006,text_only_v1,arrays_max_subarray,mostly_faithful,2,consistent,3,weak,1,non_vacuous,partial,,SU3,SU1|SU2,0,strict v3 primary adjudication rebuilt from strict queue + packet evidence
hs_044,arrays_max_subarray_007,naive_concat_v1,arrays_max_subarray,mostly_faithful,2,consistent,3,weak,1,non_vacuous,partial,,SU2,SU1|SU3,0,strict v3 primary adjudication rebuilt from strict queue + packet evidence
hs_045,arrays_max_subarray_007,text_only_v1,arrays_max_subarray,faithful,3,consistent,3,weak,1,non_vacuous,partial,,SU3,SU1|SU2,0,strict v3 primary adjudication rebuilt from strict queue + packet evidence
hs_046,dp_knapsack_01_001,code_only_v1,dp_knapsack_01,mostly_faithful,2,consistent,3,useful,2,non_vacuous,full,SU1|SU2|SU3|SU4,,,0,strict v3 primary adjudication rebuilt from strict queue + packet evidence
hs_047,dp_knapsack_01_001,full_method_v1,dp_knapsack_01,mostly_faithful,2,consistent,3,useful,2,non_vacuous,full,SU1|SU2|SU3|SU4,,,0,strict v3 primary adjudication rebuilt from strict queue + packet evidence
hs_048,dp_knapsack_01_001,naive_concat_v1,dp_knapsack_01,mostly_faithful,2,consistent,3,useful,2,non_vacuous,full,SU1|SU2|SU3|SU4,,,0,strict v3 primary adjudication rebuilt from strict queue + packet evidence
hs_049,dp_knapsack_01_001,text_only_v1,dp_knapsack_01,mostly_faithful,2,consistent,3,useful,2,non_vacuous,full,SU1|SU2|SU3|SU4,,,0,strict v3 primary adjudication rebuilt from strict queue + packet evidence
hs_050,dp_knapsack_01_002,code_only_v1,dp_knapsack_01,mostly_faithful,2,consistent,3,useful,2,non_vacuous,full,SU1|SU2|SU3|SU4,,,0,strict v3 primary adjudication rebuilt from strict queue + packet evidence
hs_051,dp_knapsack_01_002,full_method_v1,dp_knapsack_01,mostly_faithful,2,consistent,3,useful,2,non_vacuous,full,SU1|SU2|SU3|SU4,,,0,strict v3 primary adjudication rebuilt from strict queue + packet evidence
hs_052,dp_knapsack_01_002,naive_concat_v1,dp_knapsack_01,mostly_faithful,2,consistent,3,useful,2,non_vacuous,full,SU1|SU2|SU3|SU4,,,0,strict v3 primary adjudication rebuilt from strict queue + packet evidence
hs_053,dp_knapsack_01_002,text_only_v1,dp_knapsack_01,mostly_faithful,2,consistent,3,useful,2,non_vacuous,full,SU1|SU2|SU3|SU4,,,0,strict v3 primary adjudication rebuilt from strict queue + packet evidence
hs_054,dp_knapsack_01_003,code_only_v1,dp_knapsack_01,mostly_faithful,2,consistent,3,useful,2,non_vacuous,full,SU1|SU2|SU3|SU4,,,0,strict v3 primary adjudication rebuilt from strict queue + packet evidence
hs_055,dp_knapsack_01_003,full_method_v1,dp_knapsack_01,mostly_faithful,2,consistent,3,useful,2,non_vacuous,full,SU1|SU2|SU3|SU4,,,0,strict v3 primary adjudication rebuilt from strict queue + packet evidence
hs_056,dp_knapsack_01_003,naive_concat_v1,dp_knapsack_01,mostly_faithful,2,consistent,3,useful,2,non_vacuous,full,SU1|SU2|SU3|SU4,,,0,strict v3 primary adjudication rebuilt from strict queue + packet evidence
hs_057,dp_knapsack_01_003,text_only_v1,dp_knapsack_01,mostly_faithful,2,consistent,3,useful,2,non_vacuous,full,SU1|SU2|SU3|SU4,,,0,strict v3 primary adjudication rebuilt from strict queue + packet evidence
hs_058,dp_knapsack_01_004,code_only_v1,dp_knapsack_01,mostly_faithful,2,consistent,3,useful,2,non_vacuous,full,SU1|SU2|SU3|SU4,,,0,strict v3 primary adjudication rebuilt from strict queue + packet evidence
hs_059,dp_knapsack_01_004,full_method_v1,dp_knapsack_01,mostly_faithful,2,consistent,3,useful,2,non_vacuous,full,SU1|SU2|SU3|SU4,,,0,strict v3 primary adjudication rebuilt from strict queue + packet evidence
hs_060,dp_knapsack_01_004,naive_concat_v1,dp_knapsack_01,mostly_faithful,2,consistent,3,useful,2,non_vacuous,full,SU1|SU2|SU3|SU4,,,0,strict v3 primary adjudication rebuilt from strict queue + packet evidence
hs_061,dp_knapsack_01_004,text_only_v1,dp_knapsack_01,mostly_faithful,2,consistent,3,useful,2,non_vacuous,full,SU1|SU2|SU3|SU4,,,0,strict v3 primary adjudication rebuilt from strict queue + packet evidence
hs_062,dp_knapsack_01_005,code_only_v1,dp_knapsack_01,mostly_faithful,2,consistent,3,useful,2,non_vacuous,full,SU1|SU2|SU3|SU4,,,0,strict v3 primary adjudication rebuilt from strict queue + packet evidence
hs_063,dp_knapsack_01_005,full_method_v1,dp_knapsack_01,mostly_faithful,2,consistent,3,useful,2,non_vacuous,full,SU1|SU2|SU3|SU4,,,0,strict v3 primary adjudication rebuilt from strict queue + packet evidence
hs_064,dp_knapsack_01_005,naive_concat_v1,dp_knapsack_01,mostly_faithful,2,consistent,3,useful,2,non_vacuous,full,SU1|SU2|SU3|SU4,,,0,strict v3 primary adjudication rebuilt from strict queue + packet evidence
hs_065,dp_knapsack_01_005,text_only_v1,dp_knapsack_01,mostly_faithful,2,consistent,3,useful,2,non_vacuous,full,SU1|SU2|SU3|SU4,,,0,strict v3 primary adjudication rebuilt from strict queue + packet evidence
hs_066,dp_knapsack_01_006,code_only_v1,dp_knapsack_01,mostly_faithful,2,consistent,3,useful,2,non_vacuous,full,SU1|SU2|SU3|SU4,,,0,strict v3 primary adjudication rebuilt from strict queue + packet evidence
hs_067,dp_knapsack_01_006,naive_concat_v1,dp_knapsack_01,mostly_faithful,2,consistent,3,useful,2,non_vacuous,full,SU1|SU2|SU3|SU4,,,0,strict v3 primary adjudication rebuilt from strict queue + packet evidence
hs_068,dp_knapsack_01_006,text_only_v1,dp_knapsack_01,mostly_faithful,2,consistent,3,useful,2,non_vacuous,full,SU1|SU2|SU3|SU4,,,0,strict v3 primary adjudication rebuilt from strict queue + packet evidence
hs_069,dp_knapsack_01_007,code_only_v1,dp_knapsack_01,mostly_faithful,2,consistent,3,useful,2,non_vacuous,full,SU1|SU2|SU3|SU4,,,0,strict v3 primary adjudication rebuilt from strict queue + packet evidence
hs_070,dp_knapsack_01_007,full_method_v1,dp_knapsack_01,mostly_faithful,2,consistent,3,useful,2,non_vacuous,full,SU1|SU2|SU3|SU4,,,0,strict v3 primary adjudication rebuilt from strict queue + packet evidence
hs_071,dp_knapsack_01_007,naive_concat_v1,dp_knapsack_01,mostly_faithful,2,consistent,3,useful,2,non_vacuous,full,SU1|SU2|SU3|SU4,,,0,strict v3 primary adjudication rebuilt from strict queue + packet evidence
hs_072,dp_knapsack_01_007,text_only_v1,dp_knapsack_01,mostly_faithful,2,consistent,3,useful,2,non_vacuous,full,SU1|SU2|SU3|SU4,,,0,strict v3 primary adjudication rebuilt from strict queue + packet evidence
hs_073,dp_longest_common_subsequence_001,code_only_v1,dp_longest_common_subsequence,mostly_faithful,2,consistent,3,weak,1,non_vacuous,full,SU2|SU3|SU4,,,0,strict v3 primary adjudication rebuilt from strict queue + packet evidence
hs_074,dp_longest_common_subsequence_001,full_method_v1,dp_longest_common_subsequence,partial,1,mostly_consistent,2,weak,1,non_vacuous,full,SU2|SU3|SU4,,,1,strict v3 primary adjudication rebuilt from strict queue + packet evidence
hs_075,dp_longest_common_subsequence_001,naive_concat_v1,dp_longest_common_subsequence,mostly_faithful,2,consistent,3,weak,1,non_vacuous,failed,,,SU2|SU3|SU4,0,strict v3 primary adjudication rebuilt from strict queue + packet evidence
hs_076,dp_longest_common_subsequence_001,text_only_v1,dp_longest_common_subsequence,mostly_faithful,2,consistent,3,weak,1,non_vacuous,failed,,,SU2|SU3|SU4,0,strict v3 primary adjudication rebuilt from strict queue + packet evidence
hs_077,dp_longest_common_subsequence_002,code_only_v1,dp_longest_common_subsequence,faithful,3,consistent,3,weak,1,non_vacuous,full,SU2|SU3|SU4,,,0,strict v3 primary adjudication rebuilt from strict queue + packet evidence
hs_078,dp_longest_common_subsequence_002,full_method_v1,dp_longest_common_subsequence,partial,1,mostly_consistent,2,weak,1,non_vacuous,full,SU2|SU3|SU4,,,1,strict v3 primary adjudication rebuilt from strict queue + packet evidence
hs_079,dp_longest_common_subsequence_002,naive_concat_v1,dp_longest_common_subsequence,mostly_faithful,2,consistent,3,weak,1,non_vacuous,failed,,,SU2|SU3|SU4,0,strict v3 primary adjudication rebuilt from strict queue + packet evidence
hs_080,dp_longest_common_subsequence_002,text_only_v1,dp_longest_common_subsequence,mostly_faithful,2,consistent,3,weak,1,non_vacuous,failed,,,SU2|SU3|SU4,0,strict v3 primary adjudication rebuilt from strict queue + packet evidence
hs_081,dp_longest_common_subsequence_003,code_only_v1,dp_longest_common_subsequence,mostly_faithful,2,consistent,3,weak,1,non_vacuous,full,SU2|SU3|SU4,,,0,strict v3 primary adjudication rebuilt from strict queue + packet evidence
hs_082,dp_longest_common_subsequence_003,full_method_v1,dp_longest_common_subsequence,partial,1,mostly_consistent,2,weak,1,non_vacuous,full,SU2|SU3|SU4,,,1,strict v3 primary adjudication rebuilt from strict queue + packet evidence
hs_083,dp_longest_common_subsequence_003,naive_concat_v1,dp_longest_common_subsequence,mostly_faithful,2,consistent,3,weak,1,non_vacuous,failed,,,SU2|SU3|SU4,0,strict v3 primary adjudication rebuilt from strict queue + packet evidence
hs_084,dp_longest_common_subsequence_003,text_only_v1,dp_longest_common_subsequence,mostly_faithful,2,consistent,3,weak,1,non_vacuous,failed,,,SU2|SU3|SU4,0,strict v3 primary adjudication rebuilt from strict queue + packet evidence
hs_085,dp_longest_common_subsequence_004,code_only_v1,dp_longest_common_subsequence,mostly_faithful,2,consistent,3,weak,1,non_vacuous,full,SU2|SU3|SU4,,,0,strict v3 primary adjudication rebuilt from strict queue + packet evidence
hs_086,dp_longest_common_subsequence_004,full_method_v1,dp_longest_common_subsequence,partial,1,mostly_consistent,2,weak,1,non_vacuous,full,SU2|SU3|SU4,,,1,strict v3 primary adjudication rebuilt from strict queue + packet evidence
hs_087,dp_longest_common_subsequence_004,naive_concat_v1,dp_longest_common_subsequence,mostly_faithful,2,consistent,3,weak,1,non_vacuous,partial,,SU2|SU4,SU3,0,strict v3 primary adjudication rebuilt from strict queue + packet evidence
hs_088,dp_longest_common_subsequence_004,text_only_v1,dp_longest_common_subsequence,mostly_faithful,2,consistent,3,weak,1,non_vacuous,partial,,SU3,SU2|SU4,0,strict v3 primary adjudication rebuilt from strict queue + packet evidence
hs_089,dp_longest_common_subsequence_005,naive_concat_v1,dp_longest_common_subsequence,mostly_faithful,2,consistent,3,weak,1,non_vacuous,partial,,SU4,SU2|SU3,0,strict v3 primary adjudication rebuilt from strict queue + packet evidence
hs_090,dp_longest_common_subsequence_005,text_only_v1,dp_longest_common_subsequence,mostly_faithful,2,consistent,3,weak,1,non_vacuous,partial,,SU3,SU2|SU4,0,strict v3 primary adjudication rebuilt from strict queue + packet evidence
hs_091,dp_longest_common_subsequence_006,code_only_v1,dp_longest_common_subsequence,mostly_faithful,2,consistent,3,weak,1,non_vacuous,full,SU2|SU3|SU4,,,0,strict v3 primary adjudication rebuilt from strict queue + packet evidence
hs_092,dp_longest_common_subsequence_006,naive_concat_v1,dp_longest_common_subsequence,mostly_faithful,2,consistent,3,weak,1,non_vacuous,partial,,SU2|SU4,SU3,0,strict v3 primary adjudication rebuilt from strict queue + packet evidence
hs_093,dp_longest_common_subsequence_006,text_only_v1,dp_longest_common_subsequence,mostly_faithful,2,consistent,3,weak,1,non_vacuous,partial,,SU3,SU2|SU4,0,strict v3 primary adjudication rebuilt from strict queue + packet evidence
hs_094,dp_longest_common_subsequence_007,naive_concat_v1,dp_longest_common_subsequence,mostly_faithful,2,consistent,3,weak,1,non_vacuous,partial,,SU4,SU2|SU3,0,strict v3 primary adjudication rebuilt from strict queue + packet evidence
hs_095,dp_longest_common_subsequence_007,text_only_v1,dp_longest_common_subsequence,mostly_faithful,2,consistent,3,weak,1,non_vacuous,partial,,SU3,SU2|SU4,0,strict v3 primary adjudication rebuilt from strict queue + packet evidence
hs_096,graph_bfs_shortest_path_001,code_only_v1,graph_bfs_shortest_path,faithful,3,consistent,3,weak,1,non_vacuous,full,SU1|SU2|SU3|SU4|SU5,,,0,strict v3 primary adjudication rebuilt from strict queue + packet evidence
hs_097,graph_bfs_shortest_path_001,full_method_v1,graph_bfs_shortest_path,faithful,3,consistent,3,weak,1,non_vacuous,full,SU1|SU2|SU3|SU4|SU5,,,0,strict v3 primary adjudication rebuilt from strict queue + packet evidence
hs_098,graph_bfs_shortest_path_001,naive_concat_v1,graph_bfs_shortest_path,faithful,3,consistent,3,weak,1,non_vacuous,full,SU1|SU2|SU3|SU4|SU5,,,0,strict v3 primary adjudication rebuilt from strict queue + packet evidence
hs_099,graph_bfs_shortest_path_001,text_only_v1,graph_bfs_shortest_path,mostly_faithful,2,consistent,3,weak,1,non_vacuous,failed,,,SU1|SU2|SU3|SU4|SU5,0,strict v3 primary adjudication rebuilt from strict queue + packet evidence
hs_100,graph_bfs_shortest_path_002,code_only_v1,graph_bfs_shortest_path,faithful,3,consistent,3,weak,1,non_vacuous,full,SU1|SU2|SU3|SU4|SU5,,,0,strict v3 primary adjudication rebuilt from strict queue + packet evidence
hs_101,graph_bfs_shortest_path_002,full_method_v1,graph_bfs_shortest_path,faithful,3,consistent,3,useful,2,non_vacuous,full,SU1|SU2|SU3|SU4|SU5,,,0,strict v3 primary adjudication rebuilt from strict queue + packet evidence
hs_102,graph_bfs_shortest_path_002,naive_concat_v1,graph_bfs_shortest_path,mostly_faithful,2,consistent,3,weak,1,non_vacuous,failed,,,SU1|SU2|SU3|SU4|SU5,0,strict v3 primary adjudication rebuilt from strict queue + packet evidence
hs_103,graph_bfs_shortest_path_002,text_only_v1,graph_bfs_shortest_path,mostly_faithful,2,consistent,3,weak,1,non_vacuous,failed,,,SU1|SU2|SU3|SU4|SU5,0,strict v3 primary adjudication rebuilt from strict queue + packet evidence
hs_104,graph_bfs_shortest_path_003,code_only_v1,graph_bfs_shortest_path,faithful,3,consistent,3,weak,1,non_vacuous,full,SU1|SU2|SU3|SU4|SU5,,,0,strict v3 primary adjudication rebuilt from strict queue + packet evidence
hs_105,graph_bfs_shortest_path_003,full_method_v1,graph_bfs_shortest_path,faithful,3,consistent,3,weak,1,non_vacuous,full,SU1|SU2|SU3|SU4|SU5,,,0,strict v3 primary adjudication rebuilt from strict queue + packet evidence
hs_106,graph_bfs_shortest_path_003,naive_concat_v1,graph_bfs_shortest_path,faithful,3,consistent,3,weak,1,non_vacuous,full,SU1|SU2|SU3|SU4|SU5,,,0,strict v3 primary adjudication rebuilt from strict queue + packet evidence
hs_107,graph_bfs_shortest_path_003,text_only_v1,graph_bfs_shortest_path,mostly_faithful,2,consistent,3,weak,1,non_vacuous,failed,,,SU1|SU2|SU3|SU4|SU5,0,strict v3 primary adjudication rebuilt from strict queue + packet evidence
hs_108,graph_bfs_shortest_path_004,code_only_v1,graph_bfs_shortest_path,faithful,3,consistent,3,weak,1,non_vacuous,full,SU1|SU2|SU3|SU4|SU5,,,0,strict v3 primary adjudication rebuilt from strict queue + packet evidence
hs_109,graph_bfs_shortest_path_004,full_method_v1,graph_bfs_shortest_path,faithful,3,consistent,3,weak,1,non_vacuous,full,SU1|SU2|SU3|SU4|SU5,,,0,strict v3 primary adjudication rebuilt from strict queue + packet evidence
hs_110,graph_bfs_shortest_path_004,naive_concat_v1,graph_bfs_shortest_path,faithful,3,consistent,3,weak,1,non_vacuous,full,SU1|SU2|SU3|SU4|SU5,,,0,strict v3 primary adjudication rebuilt from strict queue + packet evidence
hs_111,graph_bfs_shortest_path_004,text_only_v1,graph_bfs_shortest_path,mostly_faithful,2,consistent,3,weak,1,non_vacuous,partial,,SU3,SU1|SU2|SU4|SU5,0,strict v3 primary adjudication rebuilt from strict queue + packet evidence
hs_112,graph_bfs_shortest_path_005,code_only_v1,graph_bfs_shortest_path,faithful,3,consistent,3,weak,1,non_vacuous,full,SU1|SU2|SU3|SU4|SU5,,,0,strict v3 primary adjudication rebuilt from strict queue + packet evidence
hs_113,graph_bfs_shortest_path_005,full_method_v1,graph_bfs_shortest_path,faithful,3,consistent,3,useful,2,non_vacuous,full,SU1|SU2|SU3|SU4|SU5,,,0,strict v3 primary adjudication rebuilt from strict queue + packet evidence
hs_114,graph_bfs_shortest_path_005,naive_concat_v1,graph_bfs_shortest_path,mostly_faithful,2,consistent,3,weak,1,non_vacuous,partial,,SU3|SU4,SU1|SU2|SU5,0,strict v3 primary adjudication rebuilt from strict queue + packet evidence
hs_115,graph_bfs_shortest_path_005,text_only_v1,graph_bfs_shortest_path,mostly_faithful,2,consistent,3,weak,1,non_vacuous,partial,,SU3,SU1|SU2|SU4|SU5,0,strict v3 primary adjudication rebuilt from strict queue + packet evidence
hs_116,graph_bfs_shortest_path_006,text_only_v1,graph_bfs_shortest_path,mostly_faithful,2,consistent,3,weak,1,non_vacuous,partial,,SU3,SU1|SU2|SU4|SU5,0,strict v3 primary adjudication rebuilt from strict queue + packet evidence
hs_117,graph_bfs_shortest_path_007,naive_concat_v1,graph_bfs_shortest_path,mostly_faithful,2,consistent,3,weak,1,non_vacuous,partial,,SU3|SU4,SU1|SU2|SU5,0,strict v3 primary adjudication rebuilt from strict queue + packet evidence
hs_118,graph_bfs_shortest_path_007,text_only_v1,graph_bfs_shortest_path,mostly_faithful,2,consistent,3,weak,1,non_vacuous,partial,,SU3,SU1|SU2|SU4|SU5,0,strict v3 primary adjudication rebuilt from strict queue + packet evidence
hs_119,graph_dijkstra_001,code_only_v1,graph_dijkstra,faithful,3,consistent,3,useful,2,non_vacuous,full,SU1|SU2|SU3|SU4|SU5|SU6,,,0,strict v3 primary adjudication rebuilt from strict queue + packet evidence
hs_120,graph_dijkstra_001,full_method_v1,graph_dijkstra,faithful,3,consistent,3,useful,2,non_vacuous,full,SU1|SU2|SU3|SU4|SU5|SU6,,,0,strict v3 primary adjudication rebuilt from strict queue + packet evidence
hs_121,graph_dijkstra_001,naive_concat_v1,graph_dijkstra,faithful,3,consistent,3,useful,2,non_vacuous,full,SU1|SU2|SU3|SU4|SU5|SU6,,,0,strict v3 primary adjudication rebuilt from strict queue + packet evidence
hs_122,graph_dijkstra_001,text_only_v1,graph_dijkstra,faithful,3,consistent,3,useful,2,non_vacuous,full,SU1|SU2|SU3|SU4|SU5|SU6,,,0,strict v3 primary adjudication rebuilt from strict queue + packet evidence
hs_123,graph_dijkstra_002,code_only_v1,graph_dijkstra,faithful,3,consistent,3,useful,2,non_vacuous,full,SU1|SU2|SU3|SU4|SU5|SU6,,,0,strict v3 primary adjudication rebuilt from strict queue + packet evidence
hs_124,graph_dijkstra_002,full_method_v1,graph_dijkstra,faithful,3,consistent,3,useful,2,non_vacuous,full,SU1|SU2|SU3|SU4|SU5|SU6,,,0,strict v3 primary adjudication rebuilt from strict queue + packet evidence
hs_125,graph_dijkstra_002,naive_concat_v1,graph_dijkstra,faithful,3,consistent,3,useful,2,non_vacuous,full,SU1|SU2|SU3|SU4|SU5|SU6,,,0,strict v3 primary adjudication rebuilt from strict queue + packet evidence
hs_126,graph_dijkstra_002,text_only_v1,graph_dijkstra,faithful,3,consistent,3,useful,2,non_vacuous,full,SU1|SU2|SU3|SU4|SU5|SU6,,,0,strict v3 primary adjudication rebuilt from strict queue + packet evidence
hs_127,graph_dijkstra_003,code_only_v1,graph_dijkstra,faithful,3,consistent,3,useful,2,non_vacuous,full,SU1|SU2|SU3|SU4|SU5|SU6,,,0,strict v3 primary adjudication rebuilt from strict queue + packet evidence
hs_128,graph_dijkstra_003,full_method_v1,graph_dijkstra,faithful,3,consistent,3,useful,2,non_vacuous,full,SU1|SU2|SU3|SU4|SU5|SU6,,,0,strict v3 primary adjudication rebuilt from strict queue + packet evidence
hs_129,graph_dijkstra_003,naive_concat_v1,graph_dijkstra,faithful,3,consistent,3,useful,2,non_vacuous,full,SU1|SU2|SU3|SU4|SU5|SU6,,,0,strict v3 primary adjudication rebuilt from strict queue + packet evidence
hs_130,graph_dijkstra_003,text_only_v1,graph_dijkstra,faithful,3,consistent,3,useful,2,non_vacuous,full,SU1|SU2|SU3|SU4|SU5|SU6,,,0,strict v3 primary adjudication rebuilt from strict queue + packet evidence
hs_131,graph_dijkstra_004,code_only_v1,graph_dijkstra,faithful,3,consistent,3,useful,2,non_vacuous,full,SU1|SU2|SU3|SU4|SU5|SU6,,,0,strict v3 primary adjudication rebuilt from strict queue + packet evidence
hs_132,graph_dijkstra_004,full_method_v1,graph_dijkstra,faithful,3,consistent,3,useful,2,non_vacuous,full,SU1|SU2|SU3|SU4|SU5|SU6,,,0,strict v3 primary adjudication rebuilt from strict queue + packet evidence
hs_133,graph_dijkstra_004,naive_concat_v1,graph_dijkstra,faithful,3,consistent,3,useful,2,non_vacuous,full,SU1|SU2|SU3|SU4|SU5|SU6,,,0,strict v3 primary adjudication rebuilt from strict queue + packet evidence
hs_134,graph_dijkstra_004,text_only_v1,graph_dijkstra,faithful,3,consistent,3,useful,2,non_vacuous,full,SU1|SU2|SU3|SU4|SU5|SU6,,,0,strict v3 primary adjudication rebuilt from strict queue + packet evidence
hs_135,graph_dijkstra_005,code_only_v1,graph_dijkstra,faithful,3,consistent,3,useful,2,non_vacuous,full,SU1|SU2|SU3|SU4|SU5|SU6,,,0,strict v3 primary adjudication rebuilt from strict queue + packet evidence
hs_136,graph_dijkstra_005,full_method_v1,graph_dijkstra,faithful,3,consistent,3,useful,2,non_vacuous,full,SU1|SU2|SU3|SU4|SU5|SU6,,,0,strict v3 primary adjudication rebuilt from strict queue + packet evidence
hs_137,graph_dijkstra_005,naive_concat_v1,graph_dijkstra,faithful,3,consistent,3,useful,2,non_vacuous,full,SU1|SU2|SU3|SU4|SU5|SU6,,,0,strict v3 primary adjudication rebuilt from strict queue + packet evidence
hs_138,graph_dijkstra_005,text_only_v1,graph_dijkstra,faithful,3,consistent,3,useful,2,non_vacuous,full,SU1|SU2|SU3|SU4|SU5|SU6,,,0,strict v3 primary adjudication rebuilt from strict queue + packet evidence
hs_139,graph_dijkstra_006,code_only_v1,graph_dijkstra,faithful,3,consistent,3,useful,2,non_vacuous,full,SU1|SU2|SU3|SU4|SU5|SU6,,,0,strict v3 primary adjudication rebuilt from strict queue + packet evidence
hs_140,graph_dijkstra_006,text_only_v1,graph_dijkstra,faithful,3,consistent,3,useful,2,non_vacuous,full,SU1|SU2|SU3|SU4|SU5|SU6,,,0,strict v3 primary adjudication rebuilt from strict queue + packet evidence
hs_141,graph_dijkstra_007,code_only_v1,graph_dijkstra,faithful,3,consistent,3,useful,2,non_vacuous,full,SU1|SU2|SU3|SU4|SU5|SU6,,,0,strict v3 primary adjudication rebuilt from strict queue + packet evidence
hs_142,greedy_coin_change_canonical_001,code_only_v1,greedy_coin_change_canonical,mostly_faithful,2,consistent,3,weak,1,non_vacuous,full,SU1|SU3|SU4,,,0,strict v3 primary adjudication rebuilt from strict queue + packet evidence
hs_143,greedy_coin_change_canonical_001,full_method_v1,greedy_coin_change_canonical,mostly_faithful,2,consistent,3,weak,1,non_vacuous,full,SU1|SU3|SU4,,,0,strict v3 primary adjudication rebuilt from strict queue + packet evidence
hs_144,greedy_coin_change_canonical_001,naive_concat_v1,greedy_coin_change_canonical,mostly_faithful,2,mostly_consistent,2,weak,1,non_vacuous,failed,,,SU1|SU3|SU4,0,strict v3 primary adjudication rebuilt from strict queue + packet evidence
hs_145,greedy_coin_change_canonical_001,text_only_v1,greedy_coin_change_canonical,mostly_faithful,2,mostly_consistent,2,weak,1,non_vacuous,failed,,,SU1|SU3|SU4,0,strict v3 primary adjudication rebuilt from strict queue + packet evidence
hs_146,greedy_coin_change_canonical_002,code_only_v1,greedy_coin_change_canonical,mostly_faithful,2,consistent,3,weak,1,non_vacuous,full,SU1|SU3|SU4,,,0,strict v3 primary adjudication rebuilt from strict queue + packet evidence
hs_147,greedy_coin_change_canonical_002,full_method_v1,greedy_coin_change_canonical,mostly_faithful,2,consistent,3,useful,2,non_vacuous,full,SU1|SU3|SU4,,,0,strict v3 primary adjudication rebuilt from strict queue + packet evidence
hs_148,greedy_coin_change_canonical_002,naive_concat_v1,greedy_coin_change_canonical,mostly_faithful,2,consistent,3,weak,1,non_vacuous,failed,,,SU1|SU3|SU4,0,strict v3 primary adjudication rebuilt from strict queue + packet evidence
hs_149,greedy_coin_change_canonical_002,text_only_v1,greedy_coin_change_canonical,mostly_faithful,2,consistent,3,weak,1,non_vacuous,failed,,,SU1|SU3|SU4,0,strict v3 primary adjudication rebuilt from strict queue + packet evidence
hs_150,greedy_coin_change_canonical_003,code_only_v1,greedy_coin_change_canonical,mostly_faithful,2,consistent,3,weak,1,non_vacuous,full,SU1|SU3|SU4,,,0,strict v3 primary adjudication rebuilt from strict queue + packet evidence
hs_151,greedy_coin_change_canonical_003,full_method_v1,greedy_coin_change_canonical,mostly_faithful,2,consistent,3,weak,1,non_vacuous,full,SU1|SU3|SU4,,,0,strict v3 primary adjudication rebuilt from strict queue + packet evidence
hs_152,greedy_coin_change_canonical_003,naive_concat_v1,greedy_coin_change_canonical,mostly_faithful,2,mostly_consistent,2,weak,1,non_vacuous,failed,,,SU1|SU3|SU4,0,strict v3 primary adjudication rebuilt from strict queue + packet evidence
hs_153,greedy_coin_change_canonical_003,text_only_v1,greedy_coin_change_canonical,mostly_faithful,2,mostly_consistent,2,weak,1,non_vacuous,failed,,,SU1|SU3|SU4,0,strict v3 primary adjudication rebuilt from strict queue + packet evidence
hs_154,greedy_coin_change_canonical_004,code_only_v1,greedy_coin_change_canonical,mostly_faithful,2,consistent,3,weak,1,non_vacuous,full,SU1|SU3|SU4,,,0,strict v3 primary adjudication rebuilt from strict queue + packet evidence
hs_155,greedy_coin_change_canonical_004,naive_concat_v1,greedy_coin_change_canonical,mostly_faithful,2,mostly_consistent,2,weak,1,non_vacuous,failed,,,SU1|SU3|SU4,0,strict v3 primary adjudication rebuilt from strict queue + packet evidence
hs_156,greedy_coin_change_canonical_004,text_only_v1,greedy_coin_change_canonical,mostly_faithful,2,mostly_consistent,2,weak,1,non_vacuous,failed,,,SU1|SU3|SU4,0,strict v3 primary adjudication rebuilt from strict queue + packet evidence
hs_157,greedy_coin_change_canonical_005,code_only_v1,greedy_coin_change_canonical,mostly_faithful,2,consistent,3,weak,1,non_vacuous,full,SU1|SU3|SU4,,,0,strict v3 primary adjudication rebuilt from strict queue + packet evidence
hs_158,greedy_coin_change_canonical_005,full_method_v1,greedy_coin_change_canonical,mostly_faithful,2,consistent,3,useful,2,non_vacuous,full,SU1|SU3|SU4,,,0,strict v3 primary adjudication rebuilt from strict queue + packet evidence
hs_159,greedy_coin_change_canonical_005,naive_concat_v1,greedy_coin_change_canonical,mostly_faithful,2,consistent,3,weak,1,non_vacuous,partial,,SU1|SU3|SU4,,0,strict v3 primary adjudication rebuilt from strict queue + packet evidence
hs_160,greedy_coin_change_canonical_005,text_only_v1,greedy_coin_change_canonical,mostly_faithful,2,consistent,3,weak,1,non_vacuous,partial,,SU1,SU3|SU4,0,strict v3 primary adjudication rebuilt from strict queue + packet evidence
hs_161,greedy_coin_change_canonical_006,naive_concat_v1,greedy_coin_change_canonical,mostly_faithful,2,mostly_consistent,2,weak,1,non_vacuous,failed,,,SU1|SU3|SU4,0,strict v3 primary adjudication rebuilt from strict queue + packet evidence
hs_162,greedy_coin_change_canonical_006,text_only_v1,greedy_coin_change_canonical,mostly_faithful,2,mostly_consistent,2,weak,1,non_vacuous,failed,,,SU1|SU3|SU4,0,strict v3 primary adjudication rebuilt from strict queue + packet evidence
hs_163,greedy_coin_change_canonical_007,naive_concat_v1,greedy_coin_change_canonical,mostly_faithful,2,consistent,3,weak,1,non_vacuous,partial,,SU1|SU3|SU4,,0,strict v3 primary adjudication rebuilt from strict queue + packet evidence
hs_164,greedy_coin_change_canonical_007,text_only_v1,greedy_coin_change_canonical,mostly_faithful,2,consistent,3,weak,1,non_vacuous,partial,,SU1,SU3|SU4,0,strict v3 primary adjudication rebuilt from strict queue + packet evidence
hs_165,greedy_interval_scheduling_001,code_only_v1,greedy_interval_scheduling,mostly_faithful,2,consistent,3,weak,1,non_vacuous,partial,SU2|SU3,,SU1,0,strict v3 primary adjudication rebuilt from strict queue + packet evidence
hs_166,greedy_interval_scheduling_001,full_method_v1,greedy_interval_scheduling,mostly_faithful,2,consistent,3,useful,2,non_vacuous,full,SU1|SU2|SU3,,,0,strict v3 primary adjudication rebuilt from strict queue + packet evidence
hs_167,greedy_interval_scheduling_001,naive_concat_v1,greedy_interval_scheduling,faithful,3,consistent,3,weak,1,non_vacuous,full,SU1|SU2|SU3,,,0,strict v3 primary adjudication rebuilt from strict queue + packet evidence
hs_168,greedy_interval_scheduling_001,text_only_v1,greedy_interval_scheduling,mostly_faithful,2,consistent,3,weak,1,non_vacuous,failed,,,SU1|SU2|SU3,0,strict v3 primary adjudication rebuilt from strict queue + packet evidence
hs_169,greedy_interval_scheduling_002,code_only_v1,greedy_interval_scheduling,mostly_faithful,2,consistent,3,weak,1,non_vacuous,partial,SU2|SU3,,SU1,0,strict v3 primary adjudication rebuilt from strict queue + packet evidence
hs_170,greedy_interval_scheduling_002,full_method_v1,greedy_interval_scheduling,mostly_faithful,2,consistent,3,useful,2,non_vacuous,full,SU1|SU2|SU3,,,0,strict v3 primary adjudication rebuilt from strict queue + packet evidence
hs_171,greedy_interval_scheduling_002,naive_concat_v1,greedy_interval_scheduling,mostly_faithful,2,consistent,3,weak,1,non_vacuous,failed,,,SU1|SU2|SU3,0,strict v3 primary adjudication rebuilt from strict queue + packet evidence
hs_172,greedy_interval_scheduling_002,text_only_v1,greedy_interval_scheduling,mostly_faithful,2,consistent,3,weak,1,non_vacuous,failed,,,SU1|SU2|SU3,0,strict v3 primary adjudication rebuilt from strict queue + packet evidence
hs_173,greedy_interval_scheduling_003,code_only_v1,greedy_interval_scheduling,mostly_faithful,2,consistent,3,weak,1,non_vacuous,partial,SU2|SU3,,SU1,0,strict v3 primary adjudication rebuilt from strict queue + packet evidence
hs_174,greedy_interval_scheduling_003,full_method_v1,greedy_interval_scheduling,mostly_faithful,2,consistent,3,useful,2,non_vacuous,full,SU1|SU2|SU3,,,0,strict v3 primary adjudication rebuilt from strict queue + packet evidence
hs_175,greedy_interval_scheduling_003,naive_concat_v1,greedy_interval_scheduling,faithful,3,consistent,3,weak,1,non_vacuous,full,SU1|SU2|SU3,,,0,strict v3 primary adjudication rebuilt from strict queue + packet evidence
hs_176,greedy_interval_scheduling_003,text_only_v1,greedy_interval_scheduling,mostly_faithful,2,consistent,3,weak,1,non_vacuous,failed,,,SU1|SU2|SU3,0,strict v3 primary adjudication rebuilt from strict queue + packet evidence
hs_177,greedy_interval_scheduling_004,code_only_v1,greedy_interval_scheduling,mostly_faithful,2,consistent,3,weak,1,non_vacuous,partial,SU2|SU3,,SU1,0,strict v3 primary adjudication rebuilt from strict queue + packet evidence
hs_178,greedy_interval_scheduling_004,text_only_v1,greedy_interval_scheduling,mostly_faithful,2,consistent,3,weak,1,non_vacuous,partial,,SU3,SU1|SU2,0,strict v3 primary adjudication rebuilt from strict queue + packet evidence
hs_179,greedy_interval_scheduling_005,code_only_v1,greedy_interval_scheduling,mostly_faithful,2,consistent,3,weak,1,non_vacuous,partial,SU2|SU3,,SU1,0,strict v3 primary adjudication rebuilt from strict queue + packet evidence
hs_180,greedy_interval_scheduling_005,full_method_v1,greedy_interval_scheduling,mostly_faithful,2,consistent,3,useful,2,non_vacuous,full,SU1|SU2|SU3,,,0,strict v3 primary adjudication rebuilt from strict queue + packet evidence
hs_181,greedy_interval_scheduling_005,naive_concat_v1,greedy_interval_scheduling,mostly_faithful,2,consistent,3,weak,1,non_vacuous,partial,,SU1|SU3,SU2,0,strict v3 primary adjudication rebuilt from strict queue + packet evidence
hs_182,greedy_interval_scheduling_005,text_only_v1,greedy_interval_scheduling,mostly_faithful,2,consistent,3,weak,1,non_vacuous,partial,,SU3,SU1|SU2,0,strict v3 primary adjudication rebuilt from strict queue + packet evidence
hs_183,greedy_interval_scheduling_006,code_only_v1,greedy_interval_scheduling,mostly_faithful,2,consistent,3,weak,1,non_vacuous,partial,SU2|SU3,,SU1,0,strict v3 primary adjudication rebuilt from strict queue + packet evidence
hs_184,greedy_interval_scheduling_006,text_only_v1,greedy_interval_scheduling,mostly_faithful,2,consistent,3,weak,1,non_vacuous,partial,,SU3,SU1|SU2,0,strict v3 primary adjudication rebuilt from strict queue + packet evidence
hs_185,greedy_interval_scheduling_007,code_only_v1,greedy_interval_scheduling,mostly_faithful,2,consistent,3,weak,1,non_vacuous,partial,SU2|SU3,,SU1,0,strict v3 primary adjudication rebuilt from strict queue + packet evidence
hs_186,greedy_interval_scheduling_007,naive_concat_v1,greedy_interval_scheduling,mostly_faithful,2,consistent,3,weak,1,non_vacuous,partial,,SU1|SU3,SU2,0,strict v3 primary adjudication rebuilt from strict queue + packet evidence
hs_187,greedy_interval_scheduling_007,text_only_v1,greedy_interval_scheduling,mostly_faithful,2,consistent,3,weak,1,non_vacuous,partial,,SU3,SU1|SU2,0,strict v3 primary adjudication rebuilt from strict queue + packet evidence
hs_188,sorting_insertion_sort_001,code_only_v1,sorting_insertion_sort,mostly_faithful,2,consistent,3,weak,1,non_vacuous,full,SU1|SU2,,,0,strict v3 primary adjudication rebuilt from strict queue + packet evidence
hs_189,sorting_insertion_sort_001,full_method_v1,sorting_insertion_sort,mostly_faithful,2,consistent,3,useful,2,non_vacuous,full,SU1|SU2,,,0,strict v3 primary adjudication rebuilt from strict queue + packet evidence
hs_190,sorting_insertion_sort_001,naive_concat_v1,sorting_insertion_sort,mostly_faithful,2,consistent,3,weak,1,non_vacuous,failed,,,SU1|SU2,0,strict v3 primary adjudication rebuilt from strict queue + packet evidence
hs_191,sorting_insertion_sort_002,code_only_v1,sorting_insertion_sort,mostly_faithful,2,consistent,3,weak,1,non_vacuous,full,SU1|SU2,,,0,strict v3 primary adjudication rebuilt from strict queue + packet evidence
hs_192,sorting_insertion_sort_002,full_method_v1,sorting_insertion_sort,mostly_faithful,2,consistent,3,useful,2,non_vacuous,full,SU1|SU2,,,0,strict v3 primary adjudication rebuilt from strict queue + packet evidence
hs_193,sorting_insertion_sort_002,naive_concat_v1,sorting_insertion_sort,mostly_faithful,2,consistent,3,weak,1,non_vacuous,failed,,,SU1|SU2,0,strict v3 primary adjudication rebuilt from strict queue + packet evidence
hs_194,sorting_insertion_sort_002,text_only_v1,sorting_insertion_sort,faithful,3,consistent,3,weak,1,non_vacuous,failed,,,SU1|SU2,0,strict v3 primary adjudication rebuilt from strict queue + packet evidence
hs_195,sorting_insertion_sort_003,code_only_v1,sorting_insertion_sort,mostly_faithful,2,consistent,3,weak,1,non_vacuous,full,SU1|SU2,,,0,strict v3 primary adjudication rebuilt from strict queue + packet evidence
hs_196,sorting_insertion_sort_003,full_method_v1,sorting_insertion_sort,mostly_faithful,2,consistent,3,useful,2,non_vacuous,full,SU1|SU2,,,0,strict v3 primary adjudication rebuilt from strict queue + packet evidence
hs_197,sorting_insertion_sort_003,naive_concat_v1,sorting_insertion_sort,mostly_faithful,2,consistent,3,weak,1,non_vacuous,failed,,,SU1|SU2,0,strict v3 primary adjudication rebuilt from strict queue + packet evidence
hs_198,sorting_insertion_sort_003,text_only_v1,sorting_insertion_sort,faithful,3,consistent,3,weak,1,non_vacuous,failed,,,SU1|SU2,0,strict v3 primary adjudication rebuilt from strict queue + packet evidence
hs_199,sorting_insertion_sort_004,code_only_v1,sorting_insertion_sort,mostly_faithful,2,consistent,3,weak,1,non_vacuous,full,SU1|SU2,,,0,strict v3 primary adjudication rebuilt from strict queue + packet evidence
hs_200,sorting_insertion_sort_004,full_method_v1,sorting_insertion_sort,mostly_faithful,2,consistent,3,useful,2,non_vacuous,full,SU1|SU2,,,0,strict v3 primary adjudication rebuilt from strict queue + packet evidence
hs_201,sorting_insertion_sort_004,naive_concat_v1,sorting_insertion_sort,mostly_faithful,2,consistent,3,weak,1,non_vacuous,partial,,SU1,SU2,0,strict v3 primary adjudication rebuilt from strict queue + packet evidence
hs_202,sorting_insertion_sort_004,text_only_v1,sorting_insertion_sort,faithful,3,consistent,3,weak,1,non_vacuous,partial,,SU1,SU2,0,strict v3 primary adjudication rebuilt from strict queue + packet evidence
hs_203,sorting_insertion_sort_005,naive_concat_v1,sorting_insertion_sort,mostly_faithful,2,consistent,3,weak,1,non_vacuous,partial,,SU1,SU2,0,strict v3 primary adjudication rebuilt from strict queue + packet evidence
hs_204,sorting_insertion_sort_005,text_only_v1,sorting_insertion_sort,faithful,3,consistent,3,weak,1,non_vacuous,partial,,SU1,SU2,0,strict v3 primary adjudication rebuilt from strict queue + packet evidence
hs_205,sorting_insertion_sort_006,naive_concat_v1,sorting_insertion_sort,mostly_faithful,2,consistent,3,weak,1,non_vacuous,partial,,SU1,SU2,0,strict v3 primary adjudication rebuilt from strict queue + packet evidence
hs_206,sorting_insertion_sort_006,text_only_v1,sorting_insertion_sort,faithful,3,consistent,3,weak,1,non_vacuous,partial,,SU1,SU2,0,strict v3 primary adjudication rebuilt from strict queue + packet evidence
hs_207,sorting_insertion_sort_007,naive_concat_v1,sorting_insertion_sort,mostly_faithful,2,consistent,3,weak,1,non_vacuous,partial,,SU1,SU2,0,strict v3 primary adjudication rebuilt from strict queue + packet evidence
hs_208,sorting_insertion_sort_007,text_only_v1,sorting_insertion_sort,faithful,3,consistent,3,weak,1,non_vacuous,partial,,SU1,SU2,0,strict v3 primary adjudication rebuilt from strict queue + packet evidence
hs_209,sorting_merge_sort_001,code_only_v1,sorting_merge_sort,faithful,3,consistent,3,weak,1,non_vacuous,full,SU1|SU2|SU3,,,0,strict v3 primary adjudication rebuilt from strict queue + packet evidence
hs_210,sorting_merge_sort_001,full_method_v1,sorting_merge_sort,faithful,3,consistent,3,useful,2,non_vacuous,full,SU1|SU2|SU3,,,0,strict v3 primary adjudication rebuilt from strict queue + packet evidence
hs_211,sorting_merge_sort_001,naive_concat_v1,sorting_merge_sort,faithful,3,consistent,3,weak,1,non_vacuous,full,SU1|SU2|SU3,,,0,strict v3 primary adjudication rebuilt from strict queue + packet evidence
hs_212,sorting_merge_sort_001,text_only_v1,sorting_merge_sort,faithful,3,consistent,3,weak,1,non_vacuous,failed,,,SU1|SU2|SU3,0,strict v3 primary adjudication rebuilt from strict queue + packet evidence
hs_213,sorting_merge_sort_002,code_only_v1,sorting_merge_sort,faithful,3,consistent,3,weak,1,non_vacuous,full,SU1|SU2|SU3,,,0,strict v3 primary adjudication rebuilt from strict queue + packet evidence
hs_214,sorting_merge_sort_002,full_method_v1,sorting_merge_sort,faithful,3,consistent,3,useful,2,non_vacuous,full,SU1|SU2|SU3,,,0,strict v3 primary adjudication rebuilt from strict queue + packet evidence
hs_215,sorting_merge_sort_002,naive_concat_v1,sorting_merge_sort,faithful,3,consistent,3,weak,1,non_vacuous,failed,,,SU1|SU2|SU3,0,strict v3 primary adjudication rebuilt from strict queue + packet evidence
hs_216,sorting_merge_sort_002,text_only_v1,sorting_merge_sort,mostly_faithful,2,consistent,3,weak,1,non_vacuous,failed,,,SU1|SU2|SU3,0,strict v3 primary adjudication rebuilt from strict queue + packet evidence
hs_217,sorting_merge_sort_003,code_only_v1,sorting_merge_sort,faithful,3,consistent,3,weak,1,non_vacuous,full,SU1|SU2|SU3,,,0,strict v3 primary adjudication rebuilt from strict queue + packet evidence
hs_218,sorting_merge_sort_003,full_method_v1,sorting_merge_sort,faithful,3,consistent,3,useful,2,non_vacuous,full,SU1|SU2|SU3,,,0,strict v3 primary adjudication rebuilt from strict queue + packet evidence
hs_219,sorting_merge_sort_003,naive_concat_v1,sorting_merge_sort,faithful,3,consistent,3,weak,1,non_vacuous,full,SU1|SU2|SU3,,,0,strict v3 primary adjudication rebuilt from strict queue + packet evidence
hs_220,sorting_merge_sort_003,text_only_v1,sorting_merge_sort,faithful,3,consistent,3,weak,1,non_vacuous,failed,,,SU1|SU2|SU3,0,strict v3 primary adjudication rebuilt from strict queue + packet evidence
hs_221,sorting_merge_sort_004,code_only_v1,sorting_merge_sort,faithful,3,consistent,3,weak,1,non_vacuous,full,SU1|SU2|SU3,,,0,strict v3 primary adjudication rebuilt from strict queue + packet evidence
hs_222,sorting_merge_sort_004,full_method_v1,sorting_merge_sort,faithful,3,consistent,3,useful,2,non_vacuous,full,SU1|SU2|SU3,,,0,strict v3 primary adjudication rebuilt from strict queue + packet evidence
hs_223,sorting_merge_sort_004,naive_concat_v1,sorting_merge_sort,faithful,3,consistent,3,weak,1,non_vacuous,full,SU1|SU2|SU3,,,0,strict v3 primary adjudication rebuilt from strict queue + packet evidence
hs_224,sorting_merge_sort_004,text_only_v1,sorting_merge_sort,faithful,3,consistent,3,weak,1,non_vacuous,partial,,SU1,SU2|SU3,0,strict v3 primary adjudication rebuilt from strict queue + packet evidence
hs_225,sorting_merge_sort_005,code_only_v1,sorting_merge_sort,faithful,3,consistent,3,weak,1,non_vacuous,full,SU1|SU2|SU3,,,0,strict v3 primary adjudication rebuilt from strict queue + packet evidence
hs_226,sorting_merge_sort_005,naive_concat_v1,sorting_merge_sort,faithful,3,consistent,3,weak,1,non_vacuous,partial,,SU1,SU2|SU3,0,strict v3 primary adjudication rebuilt from strict queue + packet evidence
hs_227,sorting_merge_sort_005,text_only_v1,sorting_merge_sort,mostly_faithful,2,consistent,3,weak,1,non_vacuous,partial,,SU1,SU2|SU3,0,strict v3 primary adjudication rebuilt from strict queue + packet evidence
hs_228,sorting_merge_sort_006,text_only_v1,sorting_merge_sort,faithful,3,consistent,3,weak,1,non_vacuous,partial,,SU1,SU2|SU3,0,strict v3 primary adjudication rebuilt from strict queue + packet evidence
hs_229,sorting_merge_sort_007,naive_concat_v1,sorting_merge_sort,faithful,3,consistent,3,weak,1,non_vacuous,partial,,SU1,SU2|SU3,0,strict v3 primary adjudication rebuilt from strict queue + packet evidence
hs_230,sorting_merge_sort_007,text_only_v1,sorting_merge_sort,mostly_faithful,2,consistent,3,weak,1,non_vacuous,partial,,SU1,SU2|SU3,0,strict v3 primary adjudication rebuilt from strict queue + packet evidence
hs_231,trees_bst_insert_001,code_only_v1,trees_bst_insert,faithful,3,consistent,3,weak,1,non_vacuous,full,SU1|SU2|SU3,,,0,strict v3 primary adjudication rebuilt from strict queue + packet evidence
hs_232,trees_bst_insert_001,full_method_v1,trees_bst_insert,faithful,3,consistent,3,useful,2,non_vacuous,full,SU1|SU2|SU3,,,0,strict v3 primary adjudication rebuilt from strict queue + packet evidence
hs_233,trees_bst_insert_001,naive_concat_v1,trees_bst_insert,faithful,3,consistent,3,weak,1,non_vacuous,full,SU1|SU2|SU3,,,0,strict v3 primary adjudication rebuilt from strict queue + packet evidence
hs_234,trees_bst_insert_001,text_only_v1,trees_bst_insert,mostly_faithful,2,consistent,3,weak,1,non_vacuous,failed,,,SU1|SU2|SU3,0,strict v3 primary adjudication rebuilt from strict queue + packet evidence
hs_235,trees_bst_insert_002,code_only_v1,trees_bst_insert,faithful,3,consistent,3,weak,1,non_vacuous,full,SU1|SU2|SU3,,,0,strict v3 primary adjudication rebuilt from strict queue + packet evidence
hs_236,trees_bst_insert_002,full_method_v1,trees_bst_insert,faithful,3,consistent,3,useful,2,non_vacuous,full,SU1|SU2|SU3,,,0,strict v3 primary adjudication rebuilt from strict queue + packet evidence
hs_237,trees_bst_insert_002,naive_concat_v1,trees_bst_insert,mostly_faithful,2,consistent,3,weak,1,non_vacuous,failed,,,SU1|SU2|SU3,0,strict v3 primary adjudication rebuilt from strict queue + packet evidence
hs_238,trees_bst_insert_002,text_only_v1,trees_bst_insert,mostly_faithful,2,consistent,3,weak,1,non_vacuous,failed,,,SU1|SU2|SU3,0,strict v3 primary adjudication rebuilt from strict queue + packet evidence
hs_239,trees_bst_insert_003,code_only_v1,trees_bst_insert,faithful,3,consistent,3,weak,1,non_vacuous,full,SU1|SU2|SU3,,,0,strict v3 primary adjudication rebuilt from strict queue + packet evidence
hs_240,trees_bst_insert_003,full_method_v1,trees_bst_insert,faithful,3,consistent,3,useful,2,non_vacuous,full,SU1|SU2|SU3,,,0,strict v3 primary adjudication rebuilt from strict queue + packet evidence
hs_241,trees_bst_insert_003,naive_concat_v1,trees_bst_insert,faithful,3,consistent,3,weak,1,non_vacuous,full,SU1|SU2|SU3,,,0,strict v3 primary adjudication rebuilt from strict queue + packet evidence
hs_242,trees_bst_insert_003,text_only_v1,trees_bst_insert,mostly_faithful,2,consistent,3,weak,1,non_vacuous,failed,,,SU1|SU2|SU3,0,strict v3 primary adjudication rebuilt from strict queue + packet evidence
hs_243,trees_bst_insert_004,code_only_v1,trees_bst_insert,faithful,3,consistent,3,weak,1,non_vacuous,full,SU1|SU2|SU3,,,0,strict v3 primary adjudication rebuilt from strict queue + packet evidence
hs_244,trees_bst_insert_004,naive_concat_v1,trees_bst_insert,faithful,3,consistent,3,weak,1,non_vacuous,full,SU1|SU2|SU3,,,0,strict v3 primary adjudication rebuilt from strict queue + packet evidence
hs_245,trees_bst_insert_004,text_only_v1,trees_bst_insert,mostly_faithful,2,consistent,3,weak,1,non_vacuous,partial,,SU3,SU1|SU2,0,strict v3 primary adjudication rebuilt from strict queue + packet evidence
hs_246,trees_bst_insert_005,full_method_v1,trees_bst_insert,faithful,3,consistent,3,useful,2,non_vacuous,full,SU1|SU2|SU3,,,0,strict v3 primary adjudication rebuilt from strict queue + packet evidence
hs_247,trees_bst_insert_005,naive_concat_v1,trees_bst_insert,mostly_faithful,2,consistent,3,weak,1,non_vacuous,partial,,SU1|SU3,SU2,0,strict v3 primary adjudication rebuilt from strict queue + packet evidence
hs_248,trees_bst_insert_005,text_only_v1,trees_bst_insert,mostly_faithful,2,consistent,3,weak,1,non_vacuous,partial,,SU1,SU2|SU3,0,strict v3 primary adjudication rebuilt from strict queue + packet evidence
hs_249,trees_bst_insert_006,naive_concat_v1,trees_bst_insert,faithful,3,consistent,3,weak,1,non_vacuous,full,SU1|SU2|SU3,,,0,strict v3 primary adjudication rebuilt from strict queue + packet evidence
hs_250,trees_bst_insert_006,text_only_v1,trees_bst_insert,mostly_faithful,2,consistent,3,weak,1,non_vacuous,partial,,SU3,SU1|SU2,0,strict v3 primary adjudication rebuilt from strict queue + packet evidence
hs_251,trees_bst_insert_007,naive_concat_v1,trees_bst_insert,mostly_faithful,2,consistent,3,weak,1,non_vacuous,partial,,SU1|SU3,SU2,0,strict v3 primary adjudication rebuilt from strict queue + packet evidence
hs_252,trees_bst_insert_007,text_only_v1,trees_bst_insert,mostly_faithful,2,consistent,3,weak,1,non_vacuous,partial,,SU1,SU2|SU3,0,strict v3 primary adjudication rebuilt from strict queue + packet evidence
hs_253,trees_lowest_common_ancestor_001,code_only_v1,trees_lowest_common_ancestor,mostly_faithful,2,consistent,3,weak,1,non_vacuous,partial,SU1|SU2|SU3,SU4,,0,strict v3 primary adjudication rebuilt from strict queue + packet evidence
hs_254,trees_lowest_common_ancestor_001,full_method_v1,trees_lowest_common_ancestor,mostly_faithful,2,consistent,3,useful,2,non_vacuous,full,SU1|SU2|SU3|SU4,,,0,strict v3 primary adjudication rebuilt from strict queue + packet evidence
hs_255,trees_lowest_common_ancestor_001,naive_concat_v1,trees_lowest_common_ancestor,mostly_faithful,2,consistent,3,weak,1,non_vacuous,failed,,,SU1|SU2|SU3|SU4,0,strict v3 primary adjudication rebuilt from strict queue + packet evidence
hs_256,trees_lowest_common_ancestor_001,text_only_v1,trees_lowest_common_ancestor,mostly_faithful,2,consistent,3,weak,1,non_vacuous,failed,,,SU1|SU2|SU3|SU4,0,strict v3 primary adjudication rebuilt from strict queue + packet evidence
hs_257,trees_lowest_common_ancestor_002,code_only_v1,trees_lowest_common_ancestor,mostly_faithful,2,consistent,3,weak,1,non_vacuous,partial,SU1|SU2|SU3,SU4,,0,strict v3 primary adjudication rebuilt from strict queue + packet evidence
hs_258,trees_lowest_common_ancestor_002,full_method_v1,trees_lowest_common_ancestor,mostly_faithful,2,consistent,3,useful,2,non_vacuous,full,SU1|SU2|SU3|SU4,,,0,strict v3 primary adjudication rebuilt from strict queue + packet evidence
hs_259,trees_lowest_common_ancestor_002,naive_concat_v1,trees_lowest_common_ancestor,mostly_faithful,2,consistent,3,weak,1,non_vacuous,failed,,,SU1|SU2|SU3|SU4,0,strict v3 primary adjudication rebuilt from strict queue + packet evidence
hs_260,trees_lowest_common_ancestor_002,text_only_v1,trees_lowest_common_ancestor,mostly_faithful,2,consistent,3,weak,1,non_vacuous,failed,,,SU1|SU2|SU3|SU4,0,strict v3 primary adjudication rebuilt from strict queue + packet evidence
hs_261,trees_lowest_common_ancestor_003,code_only_v1,trees_lowest_common_ancestor,mostly_faithful,2,consistent,3,weak,1,non_vacuous,partial,SU1|SU2|SU3,SU4,,0,strict v3 primary adjudication rebuilt from strict queue + packet evidence
hs_262,trees_lowest_common_ancestor_003,full_method_v1,trees_lowest_common_ancestor,mostly_faithful,2,consistent,3,useful,2,non_vacuous,full,SU1|SU2|SU3|SU4,,,0,strict v3 primary adjudication rebuilt from strict queue + packet evidence
hs_263,trees_lowest_common_ancestor_003,naive_concat_v1,trees_lowest_common_ancestor,mostly_faithful,2,consistent,3,weak,1,non_vacuous,failed,,,SU1|SU2|SU3|SU4,0,strict v3 primary adjudication rebuilt from strict queue + packet evidence
hs_264,trees_lowest_common_ancestor_003,text_only_v1,trees_lowest_common_ancestor,mostly_faithful,2,consistent,3,weak,1,non_vacuous,failed,,,SU1|SU2|SU3|SU4,0,strict v3 primary adjudication rebuilt from strict queue + packet evidence
hs_265,trees_lowest_common_ancestor_004,code_only_v1,trees_lowest_common_ancestor,mostly_faithful,2,consistent,3,weak,1,non_vacuous,partial,SU1|SU2|SU3,SU4,,0,strict v3 primary adjudication rebuilt from strict queue + packet evidence
hs_266,trees_lowest_common_ancestor_004,full_method_v1,trees_lowest_common_ancestor,mostly_faithful,2,consistent,3,useful,2,non_vacuous,full,SU1|SU2|SU3|SU4,,,0,strict v3 primary adjudication rebuilt from strict queue + packet evidence
hs_267,trees_lowest_common_ancestor_004,naive_concat_v1,trees_lowest_common_ancestor,mostly_faithful,2,consistent,3,weak,1,non_vacuous,partial,,SU3|SU4,SU1|SU2,0,strict v3 primary adjudication rebuilt from strict queue + packet evidence
hs_268,trees_lowest_common_ancestor_004,text_only_v1,trees_lowest_common_ancestor,mostly_faithful,2,consistent,3,weak,1,non_vacuous,partial,,SU3,SU1|SU2|SU4,0,strict v3 primary adjudication rebuilt from strict queue + packet evidence
hs_269,trees_lowest_common_ancestor_005,naive_concat_v1,trees_lowest_common_ancestor,mostly_faithful,2,consistent,3,weak,1,non_vacuous,partial,,SU1|SU3|SU4,SU2,0,strict v3 primary adjudication rebuilt from strict queue + packet evidence
hs_270,trees_lowest_common_ancestor_005,text_only_v1,trees_lowest_common_ancestor,mostly_faithful,2,consistent,3,weak,1,non_vacuous,failed,,,SU1|SU2|SU3|SU4,0,strict v3 primary adjudication rebuilt from strict queue + packet evidence
hs_271,trees_lowest_common_ancestor_006,naive_concat_v1,trees_lowest_common_ancestor,mostly_faithful,2,consistent,3,weak,1,non_vacuous,partial,,SU3|SU4,SU1|SU2,0,strict v3 primary adjudication rebuilt from strict queue + packet evidence
hs_272,trees_lowest_common_ancestor_006,text_only_v1,trees_lowest_common_ancestor,mostly_faithful,2,consistent,3,weak,1,non_vacuous,partial,,SU3,SU1|SU2|SU4,0,strict v3 primary adjudication rebuilt from strict queue + packet evidence
hs_273,trees_lowest_common_ancestor_007,naive_concat_v1,trees_lowest_common_ancestor,mostly_faithful,2,consistent,3,weak,1,non_vacuous,partial,,SU1|SU3|SU4,SU2,0,strict v3 primary adjudication rebuilt from strict queue + packet evidence
hs_274,trees_lowest_common_ancestor_007,text_only_v1,trees_lowest_common_ancestor,mostly_faithful,2,consistent,3,weak,1,non_vacuous,failed,,,SU1|SU2|SU3|SU4,0,strict v3 primary adjudication rebuilt from strict queue + packet evidence
